NAME,URL,MAP,ADDRESS,PRICE,TYPE,lat,lng,type
オベリベリ温泉 水光園,http://www.kita-no-sento.com/sento/1109/,https://maps.google.com/?cid=1706358673662833836&hl=ja,北海道帯広市東十条南5-6,¥450,//bus-routes.net/imgs/onsen/onsen8_32@2x.png,42.927217,143.2221932,銭湯
ホテルモントレエーデルホフ札幌 カルロビ・バリ・スパ,https://www.hotelmonterey.co.jp/edelhof/spa/,https://maps.google.com/?cid=15962390469759463657&hl=ja,北海道札幌市中央区北二条西1-1,"¥2,880",//bus-routes.net/imgs/onsen/onsen2_32@2x.png,43.0640573,141.3551388,温泉
やわらぎの里 豊平峡温泉,https://hoheikyo.co.jp/,https://maps.google.com/?cid=8080891066019240803&hl=ja,北海道札幌市南区定山渓608-2,"¥1,000",//bus-routes.net/imgs/onsen/onsen2_32@2x.png,42.9496261,141.1559015,温泉
ていね温泉 ほのか,https://yudokoro-honoka.jp/teine/,https://maps.google.com/?cid=6555311053788844374&hl=ja,北海道札幌市手稲区富丘二条3-2-1,¥900,//bus-routes.net/imgs/onsen/onsen2_32@2x.png,43.1049724,141.2527983,温泉
北のたまゆら(桑園店),http://www.e-u.jp/souen_main.html,https://maps.google.com/?cid=4631549592274737072&hl=ja,北海道札幌市中央区北十一条西16-1-34,¥450,//bus-routes.net/imgs/onsen/onsen2_32@2x.png,43.0715434,141.3288127,温泉
函館市営 谷地頭温泉,https://www.hakobura.jp/db/db-onsen/2010/07/post-1.html,https://maps.google.com/?cid=17917916976229505735&hl=ja,北海道函館市谷地頭町20-7,¥430,//bus-routes.net/imgs/onsen/onsen1_32@2x.png,41.7517329,140.7142216,温泉
湯の郷 絢ほのか,https://yudokoro-honoka.jp/kiyota/,https://maps.google.com/?cid=12211329936822717493&hl=ja,北海道札幌市清田区清田二条-2-26,¥950,//bus-routes.net/imgs/onsen/onsen2_32@2x.png,43.0029117,141.4323263,温泉
湯元 小金湯,http://koganeyu.jp/,https://maps.google.com/?cid=9102566352754044143&hl=ja,北海道札幌市南区小金湯25,¥800,//bus-routes.net/imgs/onsen/onsen2_32@2x.png,42.9683956,141.2198618,温泉
花園温泉,http://www.kita-no-sento.com/sento/309/,https://maps.google.com/?cid=7532875450765001984&hl=ja,北海道函館市花園町40-34,¥420,//bus-routes.net/imgs/onsen/onsen8_32@2x.png,41.7963831,140.7800137,銭湯
えにわ温泉 ほのか,https://yudokoro-honoka.jp/eniwa/,https://maps.google.com/?cid=3960797705222541011&hl=ja,北海道恵庭市戸磯397-2,¥750,//bus-routes.net/imgs/onsen/onsen2_32@2x.png,42.8771549,141.6068649,温泉
石狩温泉 番屋の湯,https://banya-no-yu.com/,https://maps.google.com/?cid=15072013758732559070&hl=ja,北海道石狩市弁天町51-2,¥650,//bus-routes.net/imgs/onsen/onsen2_32@2x.png,43.2457062,141.3501124,温泉
むかわ温泉 四季の館,http://www.shikinoyakata.com/spa.html,https://maps.google.com/?cid=7419148141551725607&hl=ja,北海道勇払郡むかわ町美幸3-3-1,¥520,//bus-routes.net/imgs/onsen/onsen1_32@2x.png,42.5741728,141.9251034,温泉
苗場駅前温泉 蔵ノ湯,http://kuranoyu.com/html/,https://maps.google.com/?cid=249600166387745610&hl=ja,北海道札幌市中央区北二条東13-25-1,¥450,//bus-routes.net/imgs/onsen/onsen2_32@2x.png,43.066506,141.3721999,温泉
江別天然温泉 湯の花 江別殿,http://www.yunohana.org/ebetsu/,https://maps.google.com/?cid=10039060536519062188&hl=ja,北海道江別市野幌美幸町33,¥450,//bus-routes.net/imgs/onsen/onsen2_32@2x.png,43.0914589,141.5065134,温泉
月見湯,https://ameblo.jp/supersenntoutsukimiyu/,https://maps.google.com/?cid=16930924431809126801&hl=ja,北海道札幌市豊平区月寒東2-11,¥420,//bus-routes.net/imgs/onsen/onsen8_32@2x.png,43.0273589,141.404683,銭湯
しんしのつ温泉 たっぷの湯,http://tappunoyuonsen.com/,https://maps.google.com/?cid=8798033350058191088&hl=ja,北海道石狩郡新篠津村第45線北2,¥500,//bus-routes.net/imgs/onsen/onsen1_32@2x.png,43.2141748,141.6426201,温泉
里の森 天然温泉 森のゆ,http://www.satonomori.com/,https://maps.google.com/?cid=1288850880590381577&hl=ja,北海道北広島市西の里511-1,¥700,//bus-routes.net/imgs/onsen/onsen1_32@2x.png,43.0155836,141.4926514,温泉
天然温泉やすらぎの湯 北のたまゆら(東苗穂店),http://www.e-u.jp/higasi_main.html,https://maps.google.com/?cid=646934586776325269&hl=ja,北海道札幌市東区東苗穂十一条2-896-1,¥450,//bus-routes.net/imgs/onsen/onsen2_32@2x.png,43.1039687,141.4179875,温泉
湯処 花ゆづき,http://www.hanayuzuki.jp/,https://maps.google.com/?cid=14954131393189668855&hl=ja,北海道札幌市西区二十四軒三条1-19,¥670,//bus-routes.net/imgs/onsen/onsen2_32@2x.png,43.0751902,141.314799,温泉
ふとみ銘泉 万葉の湯,https://www.manyo.co.jp/futomi/,https://maps.google.com/?cid=148625987906773184&hl=ja,北海道石狩郡当別町太美町1695,"¥1,000",//bus-routes.net/imgs/onsen/onsen2_32@2x.png,43.1882903,141.4448219,温泉
ひがしもこと芝桜公園 芝桜の湯,http://www.shibazakura.net/,https://maps.google.com/?cid=17547680965444575681&hl=ja,北海道網走郡大空町東藻琴末広393,¥440,//bus-routes.net/imgs/onsen/onsen1_32@2x.png,43.7819906,144.312927,温泉
新千歳空港温泉,http://www.new-chitose-airport-onsen.com/,https://maps.google.com/?cid=15784083028547555848&hl=ja,北海道千歳市美々987-22,"¥1,500",//bus-routes.net/imgs/onsen/onsen2_32@2x.png,42.784572,141.678496,温泉
天然温泉 アサヒ湯,,https://maps.google.com/?cid=10126817076417913765&hl=ja,北海道帯広市東三条南14-19,¥450,//bus-routes.net/imgs/onsen/onsen8_32@2x.png,42.9163031,143.2105702,銭湯
森林公園温泉 きよら,http://www.onsen-kiyora.com/,https://maps.google.com/?cid=560159207875846522&hl=ja,北海道札幌市厚別区厚別東四条7-1-1,¥450,//bus-routes.net/imgs/onsen/onsen2_32@2x.png,43.0519188,141.4852041,温泉
モエレ天然温泉 たまゆらの杜,https://www.e-u.jp/mori/,https://maps.google.com/?cid=4783265127408960524&hl=ja,北海道札幌市東区中沼西1条1-11-10,¥720,//bus-routes.net/imgs/onsen/onsen2_32@2x.png,43.1260849,141.415843,温泉
天然温泉やすらぎの湯 北のたまゆら(厚別店),http://www.e-u.jp/atubetu_main.html,https://maps.google.com/?cid=17726786795052801076&hl=ja,北海道札幌市厚別区大谷地東7-990-310,¥450,//bus-routes.net/imgs/onsen/onsen2_32@2x.png,43.0283095,141.4610476,温泉
天然温泉 ふみぞの湯,https://fumizonoyu.kushiro.jp/,https://maps.google.com/?cid=13441914487947147496&hl=ja,北海道釧路市文苑2-48-29,¥450,//bus-routes.net/imgs/onsen/onsen2_32@2x.png,43.0206276,144.380419,温泉
ピパの湯 ゆ〜りん館,https://yu-rinkan.com/,https://maps.google.com/?cid=275532539657852988&hl=ja,北海道美唄市東明町3区,¥650,//bus-routes.net/imgs/onsen/onsen1_32@2x.png,43.3436492,141.8930737,温泉
湯処 ほのか(北広島店),https://yudokoro-honoka.jp/kitahiro/,https://maps.google.com/?cid=9246351732302040355&hl=ja,北海道北広島市虹ヶ丘1-8-6,¥750,//bus-routes.net/imgs/onsen/onsen2_32@2x.png,43.0180654,141.4898967,温泉
天然温泉やすらぎの湯 北のたまゆら(江別店),http://www.e-u.jp/ebetu_main.html,https://maps.google.com/?cid=4477460628878966270&hl=ja,北海道江別市野幌屯田町48-1,¥450,//bus-routes.net/imgs/onsen/onsen2_32@2x.png,43.0939701,141.5109783,温泉
東前温泉 しんわの湯,http://www.shinwanoyu.com/,https://maps.google.com/?cid=3068756807032366184&hl=ja,北海道北斗市東前85-5,¥450,//bus-routes.net/imgs/onsen/onsen2_32@2x.png,41.8469499,140.6829206,温泉
北美原温泉,http://www.kita-no-sento.com/sento/326/,https://maps.google.com/?cid=14499189146702809795&hl=ja,北海道函館市北美原1-18-16,¥450,//bus-routes.net/imgs/onsen/onsen8_32@2x.png,41.8279833,140.744155,銭湯
天然温泉 極楽湯(さっぽろ弥生店),http://www.sapporo-gokurakuyu.com/yayoi/,https://maps.google.com/?cid=5375434451807505783&hl=ja,北海道札幌市中央区北三条西12-1,¥450,//bus-routes.net/imgs/onsen/onsen2_32@2x.png,43.0629669,141.3355582,温泉
にしき温泉,http://www.kita-no-sento.com/sento/308/,https://maps.google.com/?cid=14636239158011439635&hl=ja,北海道函館市深堀町13-2,¥450,//bus-routes.net/imgs/onsen/onsen8_32@2x.png,41.7897996,140.7776874,銭湯
温泉銭湯 夢元さぎり湯,http://sagiriyu-noboribetsu.com/index.html,https://maps.google.com/?cid=12429701153977052208&hl=ja,北海道登別市登別温泉町60,¥420,//bus-routes.net/imgs/onsen/onsen1_32@2x.png,42.4926581,141.1428485,温泉
すすきの天然温泉 スパ・サフロ,https://safro.org/,https://maps.google.com/?cid=3444033542141620431&hl=ja,北海道札幌市中央区南六条西5-3-2,"¥2,900",//bus-routes.net/imgs/onsen/onsen2_32@2x.png,43.0525523,141.3521106,温泉
つきさむ温泉,http://www.tsukisamu.jp/index.html,https://maps.google.com/?cid=17405452547099365758&hl=ja,北海道札幌市豊平区月寒東一条20-189-5,"¥1,300",//bus-routes.net/imgs/onsen/onsen2_32@2x.png,43.0112903,141.4231492,温泉
苫小牧温泉 ほのか,https://yudokoro-honoka.jp/tomakomai/,https://maps.google.com/?cid=14342262763433882321&hl=ja,北海道苫小牧市糸井124-1,¥690,//bus-routes.net/imgs/onsen/onsen2_32@2x.png,42.6146758,141.5276181,温泉
三笠天然温泉 太古の湯,https://www.clh-kk.com/taikonoyu/,https://maps.google.com/?cid=7969608648562515182&hl=ja,北海道三笠市岡山1042-20,¥800,//bus-routes.net/imgs/onsen/onsen2_32@2x.png,43.2476646,141.8060051,温泉
岬の湯 しゃこたん,https://www.kanko-shakotan.jp/enjoy/%E3%81%8A%E3%82%93%E3%81%9B%E3%82%93%E3%83%BB%E5%B2%AC%E3%81%AE%E6%B9%AF%E3%81%97%E3%82%83%E3%81%93%E3%81%9F%E3%82%93/,https://maps.google.com/?cid=9974270085036331487&hl=ja,北海道積丹郡積丹町野塚町212-1,¥610,//bus-routes.net/imgs/onsen/onsen1_32@2x.png,43.338761,140.4543317,温泉
湯らん銭,http://www.kita-no-sento.com/sento/826/,https://maps.google.com/?cid=4613011078426135600&hl=ja,北海道旭川市忠和三条7-2-1,¥450,//bus-routes.net/imgs/onsen/onsen8_32@2x.png,43.7735087,142.327719,銭湯
天然温泉 やよい乃湯,http://yayoinoyu.com/,https://maps.google.com/?cid=12923164111418246723&hl=ja,北海道帯広市西十八条南2-5,¥450,//bus-routes.net/imgs/onsen/onsen2_32@2x.png,42.9125681,143.162336,温泉
神仏湯温泉,http://www.kita-no-sento.com/sento/208/,https://maps.google.com/?cid=16605002194236531034&hl=ja,北海道小樽市住ノ江1-5-1,¥450,//bus-routes.net/imgs/onsen/onsen8_32@2x.png,43.1867836,141.0043597,銭湯
旭川高砂台 万葉の湯,https://www.manyo.co.jp/asahikawa/,https://maps.google.com/?cid=8562494317648603230&hl=ja,北海道旭川市高砂台1-1-52,¥950,//bus-routes.net/imgs/onsen/onsen2_32@2x.png,43.7693017,142.3114908,温泉
天然温泉 岩見沢ゆらら,http://www.iwamizawa.co.jp/,https://maps.google.com/?cid=2676551631666343840&hl=ja,北海道岩見沢市上幌向南一条1-1196-2,¥520,//bus-routes.net/imgs/onsen/onsen2_32@2x.png,43.1846507,141.7234304,温泉
かみゆうべつ温泉 チューリップの湯,http://www.town.yubetsu.lg.jp/50shisetsu/6nou-kankou/spa-kamiyu.html,https://maps.google.com/?cid=7757108156215613258&hl=ja,北海道紋別郡湧別町中湧別中町3020-1,¥500,//bus-routes.net/imgs/onsen/onsen1_32@2x.png,44.1851185,143.595529,温泉
芦別温泉 星遊館 おふろcafé,https://ofurocafe-seiyukan.com/,https://maps.google.com/?cid=1410356922009914154&hl=ja,北海道芦別市旭町油谷1,"¥1,145",//bus-routes.net/imgs/onsen/onsen2_32@2x.png,43.5454619,142.2411183,温泉
新琴似温泉 壱乃湯,http://www.onsen-ichinoyu.com/,https://maps.google.com/?cid=15091010804522635768&hl=ja,北海道札幌市北区新琴似二条8-8-1,¥450,//bus-routes.net/imgs/onsen/onsen2_32@2x.png,43.1089272,141.316442,温泉
みどり湯,http://www.kita-no-sento.com/sento/1302/,https://maps.google.com/?cid=5558803491012293637&hl=ja,北海道稚内市緑1-10-23,¥450,//bus-routes.net/imgs/onsen/onsen8_32@2x.png,45.39411,141.6856999,銭湯
恵庭温泉 ラ・フォーレ,http://www.eniwa-onsen.com/index.html,https://maps.google.com/?cid=13314253058804631152&hl=ja,北海道恵庭市恵南4-1,¥440,//bus-routes.net/imgs/onsen/onsen2_32@2x.png,42.8667967,141.5862793,温泉
杜のSPA 神楽,http://www.morinospa-kagura.com/,https://maps.google.com/?cid=173167947346735524&hl=ja,北海道旭川市神楽三条12-1-5,¥600,//bus-routes.net/imgs/onsen/onsen2_32@2x.png,43.7533221,142.3597863,温泉
白樺温泉,http://www.kita-no-sento.com/sento/1108//index.html,https://maps.google.com/?cid=6721371897968299582&hl=ja,北海道帯広市白樺十六条西12-6,¥450,//bus-routes.net/imgs/onsen/onsen8_32@2x.png,42.9176949,143.1743516,銭湯
定山渓温泉 湯の花 定山渓殿,http://www.yunohana.org/jyouzankei/,https://maps.google.com/?cid=7775208583974629944&hl=ja,北海道札幌市南区定山渓温泉東4-330-4,¥850,//bus-routes.net/imgs/onsen/onsen2_32@2x.png,42.9630223,141.1583036,温泉
天然温泉 極楽湯(さっぽろ手稲店),http://www.sapporo-gokurakuyu.com/teine/,https://maps.google.com/?cid=16904729805288565397&hl=ja,北海道札幌市手稲区前田二条13-361-3,¥450,//bus-routes.net/imgs/onsen/onsen2_32@2x.png,43.1258133,141.2430779,温泉
函館乃木温泉 なごみ,http://nagomi-onsen.jp/hakodate/,https://maps.google.com/?cid=4990290744540800221&hl=ja,北海道函館市乃木町4-25,¥430,//bus-routes.net/imgs/onsen/onsen2_32@2x.png,41.7826505,140.7642745,温泉
小樽天然温泉 湯の花 朝里殿,http://www.yunohana.org/asari/,https://maps.google.com/?cid=5741409134903496709&hl=ja,北海道小樽市新光5-12-24,¥670,//bus-routes.net/imgs/onsen/onsen2_32@2x.png,43.1573644,141.0442428,温泉
湯元岩見沢温泉 なごみ,http://nagomi-onsen.jp/iwamizawa/,https://maps.google.com/?cid=7207073956849139443&hl=ja,北海道岩見沢市志文町345-1,¥430,//bus-routes.net/imgs/onsen/onsen2_32@2x.png,43.1697813,141.7591775,温泉
天然温泉 七重浜の湯,http://www.nanaehamanoyu.jp,https://maps.google.com/?cid=8887475486022243046&hl=ja,北海道北斗市七重浜8-4-1,¥520,//bus-routes.net/imgs/onsen/onsen2_32@2x.png,41.8199443,140.6922633,温泉
やすらぎの湯の里 竹山高原温泉,http://www.kitahironavi.or.jp/memberpages/takeyama.htm,https://maps.google.com/?cid=12188325164438474678&hl=ja,北海道北広島市富ヶ岡896,¥600,//bus-routes.net/imgs/onsen/onsen1_32@2x.png,42.9512774,141.5327937,温泉
小樽天然温泉 湯の花手宮殿,http://www.yunohana.org/temiya/,https://maps.google.com/?cid=3450798849301570386&hl=ja,北海道小樽市手宮1-5-20,¥670,//bus-routes.net/imgs/onsen/onsen2_32@2x.png,43.2122481,141.0085962,温泉
湯らん銭(伊達店),,https://maps.google.com/?cid=4166162024992347400&hl=ja,北海道伊達市舟岡町365-1-2,¥450,//bus-routes.net/imgs/onsen/onsen8_32@2x.png,42.4531722,140.8801586,銭湯
函館天然温泉 湯元 花の湯,http://e-hananoyu.com/,https://maps.google.com/?cid=8548744062364415668&hl=ja,北海道函館市桔梗町418-414,¥440,//bus-routes.net/imgs/onsen/onsen2_32@2x.png,41.839838,140.7365737,温泉
函館健康センター 湯都里,https://www.yutori.jp/,https://maps.google.com/?cid=16202332963379930405&hl=ja,北海道函館市昭和3-22-1,¥650,//bus-routes.net/imgs/onsen/onsen2_32@2x.png,41.8210262,140.7373128,温泉
交流促進センター 雪秩父,http://www.town.rankoshi.hokkaido.jp/yukichichibu/,https://maps.google.com/?cid=13489077663824228254&hl=ja,北海道磯谷郡蘭越町湯里680-2,¥700,//bus-routes.net/imgs/onsen/onsen1_32@2x.png,42.8688389,140.5973714,温泉
ガーデンスパ十勝川温泉,http://www.tokachigawa.jp/,https://maps.google.com/?cid=13131054632290321839&hl=ja,北海道河東郡音更町十勝川温泉北14-1,"¥1,500",//bus-routes.net/imgs/onsen/onsen1_32@2x.png,42.9334365,143.3008329,温泉
大樹町 晩成温泉,https://www.town.taiki.hokkaido.jp/soshiki/kikaku/shoko/bansei_onsen.html,https://maps.google.com/?cid=1580708598118563273&hl=ja,北海道広尾郡大樹町字晩成2,¥500,//bus-routes.net/imgs/onsen/onsen1_32@2x.png,42.5334063,143.4832362,温泉
喜楽湯,http://www.kita-no-sento.com/sento/103/,https://maps.google.com/?cid=11871894768663175828&hl=ja,北海道札幌市中央区南四条西10-1010,¥450,//bus-routes.net/imgs/onsen/onsen8_32@2x.png,43.0537709,141.3370059,銭湯
札幌あいの里温泉 なごみ,http://nagomi-onsen.jp/ainosato/,https://maps.google.com/?cid=15114219255367915106&hl=ja,北海道札幌市北区南あいの里5-1-20,¥440,//bus-routes.net/imgs/onsen/onsen2_32@2x.png,43.1524792,141.3985502,温泉
北採湯処 御料乃湯,http://goryounoyu.com/,https://maps.google.com/?cid=10759149137642643474&hl=ja,北海道旭川市西御料五条1丁目,¥650,//bus-routes.net/imgs/onsen/onsen2_32@2x.png,43.725175,142.3671861,温泉
あけぼの湯,http://www.kita-no-sento.com/sento/150/,https://maps.google.com/?cid=7535259718418983919&hl=ja,北海道札幌市手稲区曙六条1-1-28,¥450,//bus-routes.net/imgs/onsen/onsen8_32@2x.png,43.1354934,141.2401406,銭湯
天然温泉 なごみの湯,http://www.nagominoyu.co.jp/,https://maps.google.com/?cid=17779377933709755017&hl=ja,北海道苫小牧市柳町2-7-6,¥850,//bus-routes.net/imgs/onsen/onsen2_32@2x.png,42.6593578,141.6489468,温泉
小樽温泉 オスパ,http://www.otaruspa.com/,https://maps.google.com/?cid=4519097526115512088&hl=ja,北海道小樽市築港7-12,¥850,//bus-routes.net/imgs/onsen/onsen2_32@2x.png,43.187974,141.0165886,温泉
豊富温泉 ふれあいセンター,https://toyotomi-onsen.com/,https://maps.google.com/?cid=16993999062405509692&hl=ja,北海道天塩郡豊富町温泉,¥510,//bus-routes.net/imgs/onsen/onsen1_32@2x.png,45.0731134,141.8440901,温泉
稚内天然温泉 港のゆ,http://www.wakkanai-fukukou.com/tenant/onsen/minatonoyu.html,https://maps.google.com/?cid=4478712602417379609&hl=ja,北海道稚内市港1-6-28,¥650,//bus-routes.net/imgs/onsen/onsen1_32@2x.png,45.408484,141.6766259,温泉
阿寒温泉土地 まりも湯,http://www.kita-no-sento.com/sento/918/,https://maps.google.com/?cid=18164798511187027075&hl=ja,北海道釧路市阿寒町阿寒湖温泉1-4-25,¥500,//bus-routes.net/imgs/onsen/onsen8_32@2x.png,43.4337592,144.0996023,銭湯
山鼻温泉 屯田湯,http://www.kita-no-sento.com/sento/109/,https://maps.google.com/?cid=5487374009788843759&hl=ja,北海道札幌市中央区南九条西8-1-17,¥450,//bus-routes.net/imgs/onsen/onsen8_32@2x.png,43.0479921,141.3465562,銭湯
漢方薬湯 旭川健康ランド,http://asahikawa-kenkoland.co.jp,https://maps.google.com/?cid=3395742408432958002&hl=ja,北海道旭川市春光一条8-1-1,¥880,//bus-routes.net/imgs/onsen/onsen2_32@2x.png,43.797527,142.376339,温泉
こみちの湯 ほのか,https://yudokoro-honoka.jp/komichi/,https://maps.google.com/?cid=12390120641509637279&hl=ja,北海道札幌市中央区南三条西2-15-5,"¥1,350",//bus-routes.net/imgs/onsen/onsen2_32@2x.png,43.0573915,141.3551515,温泉
大豊湯,http://www.taihouyu.com/,https://maps.google.com/?cid=3300183340329602307&hl=ja,北海道札幌市白石区北郷三条3-1-9,¥450,//bus-routes.net/imgs/onsen/onsen8_32@2x.png,43.0609129,141.4114865,銭湯
しらかば温泉,http://shirakabaonsenyu.jp/,https://maps.google.com/?cid=3395309321725303669&hl=ja,北海道苫小牧市しらかば町1-6-8,¥750,//bus-routes.net/imgs/onsen/onsen2_32@2x.png,42.6232674,141.5461751,温泉
虎杖浜温泉ホテル ぬくもりの湯,https://www.kojohama.net/daytrip/,https://maps.google.com/?cid=3792628414846591033&hl=ja,北海道白老郡白老町虎杖浜73,¥600,//bus-routes.net/imgs/onsen/onsen1_32@2x.png,42.4602305,141.2106904,温泉
まっかり温泉,http://www.makkarionsen.com/,https://maps.google.com/?cid=3113655144039897268&hl=ja,北海道虻田郡真狩村字緑岡174-3,¥500,//bus-routes.net/imgs/onsen/onsen1_32@2x.png,42.7653581,140.7777916,温泉
五徳春日湯,,https://maps.google.com/?cid=17396667011922035681&hl=ja,北海道千歳市春日町1-1-3,¥420,//bus-routes.net/imgs/onsen/onsen8_32@2x.png,42.8227038,141.641917,銭湯
末広湯,http://www.chi-ren.jp/chi-ren/industrytype/service/suehiroyu.html,https://maps.google.com/?cid=13535058576626505459&hl=ja,北海道千歳市末広1-6-6,¥400,//bus-routes.net/imgs/onsen/onsen8_32@2x.png,42.8280379,141.6542109,銭湯
おけと勝山温泉 ゆぅゆ,http://www.oketo-yuuyu.com/onsen/,https://maps.google.com/?cid=13694918816341671240&hl=ja,北海道常呂郡置戸町勝山温泉,¥500,//bus-routes.net/imgs/onsen/onsen1_32@2x.png,43.6321952,143.4936881,温泉
とままえ温泉 ふわっと,http://www.town.tomamae.lg.jp/section/shokouroudou/lg6iib0000000xrq.html,https://maps.google.com/?cid=6101453643995297040&hl=ja,北海道苫前郡苫前町苫前119-1,¥500,//bus-routes.net/imgs/onsen/onsen1_32@2x.png,44.3131252,141.6563867,温泉
みなと湯,http://www.kita-no-sento.com/sento/1002/,https://maps.google.com/?cid=9665628229557891836&hl=ja,北海道根室市海岸町2-6,¥450,//bus-routes.net/imgs/onsen/onsen8_32@2x.png,43.3416434,145.587914,銭湯
湯処 永寿湯温泉,http://www.kita-no-sento.com/sento/323/,https://maps.google.com/?cid=7490139906056936551&hl=ja,北海道函館市湯川町1-7-14,¥450,//bus-routes.net/imgs/onsen/onsen8_32@2x.png,41.7764844,140.7823786,銭湯
寿都温泉 ゆべつのゆ,http://yubetsunoyu.com/,https://maps.google.com/?cid=9524183606141019963&hl=ja,北海道寿都郡寿都町湯別町下湯別462,¥500,//bus-routes.net/imgs/onsen/onsen1_32@2x.png,42.7517711,140.2746753,温泉
札内ガーデン温泉,http://satsunai-g-onsen.sakura.ne.jp/,https://maps.google.com/?cid=16055835995646591941&hl=ja,北海道中川郡幕別町札内北町55,¥640,//bus-routes.net/imgs/onsen/onsen2_32@2x.png,42.9279646,143.2509393,温泉
北の絶景 霧多布温泉ゆうゆ,http://kiritappu-yuyu.com/,https://maps.google.com/?cid=6102519318279532649&hl=ja,北海道厚岸郡浜中町湯沸432,¥500,//bus-routes.net/imgs/onsen/onsen1_32@2x.png,43.0769448,145.133697,温泉
山の手温泉,http://www.hakonavi.ne.jp/spa/hakodate/yamanote/index.html,https://maps.google.com/?cid=12637875982388793972&hl=ja,北海道函館市山の手3-44-28,¥420,//bus-routes.net/imgs/onsen/onsen1_32@2x.png,41.8037002,140.7837486,温泉
スーパー銭湯 大雪乃湯,http://taisetunoyu.com/,https://maps.google.com/?cid=14707131563363651186&hl=ja,北海道旭川市永山二条7-1-5,¥450,//bus-routes.net/imgs/onsen/onsen1_32@2x.png,43.7956776,142.4087421,温泉
昭和温泉,http://www.hakonavi.ne.jp/spa/hakodate/showa/index.html,https://maps.google.com/?cid=9939316863706169373&hl=ja,北海道函館市昭和2-39-1,¥420,//bus-routes.net/imgs/onsen/onsen2_32@2x.png,41.8155713,140.7395428,温泉
ゆのみの湯,http://www.dp-flex.co.jp/arten/yunomi/index.html,https://maps.google.com/?cid=12856248405519711808&hl=ja,北海道苫小牧市樽前421-4,¥600,//bus-routes.net/imgs/onsen/onsen2_32@2x.png,42.6177509,141.4538151,温泉
湯めごこち 南郷の湯,https://www.chuo-bus.co.jp/nango/index.cgi,https://maps.google.com/?cid=6084999582771431846&hl=ja,北海道札幌市白石区南郷通14-北3-5,¥450,//bus-routes.net/imgs/onsen/onsen2_32@2x.png,43.0362437,141.4243666,温泉
勇舞湯,https://www.yumaiyu.com,https://maps.google.com/?cid=4421715895993543595&hl=ja,北海道千歳市北信濃871-11,¥400,//bus-routes.net/imgs/onsen/onsen8_32@2x.png,42.8398268,141.6207593,銭湯
美春湯,http://nakazawa-bldg.com/miharuyu/index.php,https://maps.google.com/?cid=14933909808183822529&hl=ja,北海道札幌市白石区南郷通7-北5-16,¥450,//bus-routes.net/imgs/onsen/onsen8_32@2x.png,43.041288,141.41245,銭湯
妹背牛温泉ペペル,http://www.town.moseushi.hokkaido.jp/kankou/onsen/peperu.html,https://maps.google.com/?cid=6435998111538580274&hl=ja,北海道雨竜郡妹背牛町妹背牛5208-1,¥500,//bus-routes.net/imgs/onsen/onsen1_32@2x.png,43.6998282,141.9600732,温泉
君乃湯,http://www.kita-no-sento.com/sento/1102/,https://maps.google.com/?cid=253382628306846720&hl=ja,北海道帯広市西五条南32-19,¥450,//bus-routes.net/imgs/onsen/onsen8_32@2x.png,42.8942659,143.1999902,銭湯
こうしんの湯,https://www.e-furo-koushin.jp/,https://maps.google.com/?cid=17624326804710297060&hl=ja,北海道札幌市東区北三十条東19-1-1,¥440,//bus-routes.net/imgs/onsen/onsen2_32@2x.png,43.100964,141.377997,温泉
幸楽湯,http://www.kita-no-sento.com/sento/910/,https://maps.google.com/?cid=3378811118551385341&hl=ja,北海道釧路市春日町6-25,¥450,//bus-routes.net/imgs/onsen/onsen8_32@2x.png,42.9971284,144.3755587,銭湯
天然温泉銭湯 アヨロ温泉,http://www.ayorospa.com/,https://maps.google.com/?cid=5524004755162017614&hl=ja,北海道白老郡白老町虎杖浜154-2,¥450,//bus-routes.net/imgs/onsen/onsen1_32@2x.png,42.4573057,141.210044,温泉
駒ヶ峯温泉 ちゃっぷ林館,https://ys-kaisyo.co.jp/chaplinkan/,https://maps.google.com/?cid=6079322165608376074&hl=ja,北海道茅部郡森町字駒ケ岳657-16,¥430,//bus-routes.net/imgs/onsen/onsen1_32@2x.png,42.0151802,140.6428124,温泉
端野温泉 のんたの湯,http://www.city.kitami.lg.jp/docs/7030/,https://maps.google.com/?cid=9013321829872513355&hl=ja,北海道北見市端野町二区792-1,¥500,//bus-routes.net/imgs/onsen/onsen1_32@2x.png,43.8622737,143.9274455,温泉
北見湯元 のつけ乃湯,https://notsuke-tai.com/,https://maps.google.com/?cid=1715910052170623844&hl=ja,北海道北見市ひかり野3-2-4,¥420,//bus-routes.net/imgs/onsen/onsen1_32@2x.png,43.8280319,143.9308176,温泉
むろらん温泉 ゆらら,http://www.circle-city.ne.jp/yurara/,https://maps.google.com/?cid=9970753414070850706&hl=ja,北海道室蘭市絵鞆町4-2-17,¥600,//bus-routes.net/imgs/onsen/onsen1_32@2x.png,42.3406914,140.9415209,温泉
稚内温泉 童夢,http://onsen-domu.com/,https://maps.google.com/?cid=15381652957680229447&hl=ja,北海道稚内市富士見4-1487,¥600,//bus-routes.net/imgs/onsen/onsen1_32@2x.png,45.4209587,141.6376379,温泉
宇宙の湯 余市川温泉,http://yoichigawa.com/,https://maps.google.com/?cid=3553767336665936969&hl=ja,北海道余市郡余市町入舟町322,¥440,//bus-routes.net/imgs/onsen/onsen1_32@2x.png,43.1924616,140.7856975,温泉
湯屋サーモン,http://yuya-salmon.jp,https://maps.google.com/?cid=16410980860922728690&hl=ja,北海道札幌市西区発寒七条14-16-15,¥450,//bus-routes.net/imgs/onsen/onsen2_32@2x.png,43.0993845,141.2694246,温泉
野付温泉 浜の湯,http://www.kita-no-sento.com/sento/1007/,https://maps.google.com/?cid=4410972382798820410&hl=ja,北海道野付郡別海町尾岱沼港町235-5,¥450,//bus-routes.net/imgs/onsen/onsen8_32@2x.png,43.5668789,145.2206661,銭湯
ニセコ駅前温泉 綺羅乃湯,http://www16.plala.or.jp/kiranoyu/,https://maps.google.com/?cid=12024692541992213754&hl=ja,北海道虻田郡ニセコ町中央通33丁目,¥500,//bus-routes.net/imgs/onsen/onsen1_32@2x.png,42.8079865,140.6852609,温泉
栄湯,http://sakaeyu946.com,https://maps.google.com/?cid=274865800871743368&hl=ja,北海道釧路市新栄町1-20,¥450,//bus-routes.net/imgs/onsen/onsen8_32@2x.png,42.9960215,144.3817872,銭湯
天然温泉 あしべ屯田,http://acb-tonden.sakura.ne.jp/,https://maps.google.com/?cid=5174593823458518868&hl=ja,北海道札幌市北区屯田七条7-2-6,¥540,//bus-routes.net/imgs/onsen/onsen2_32@2x.png,43.1370146,141.3295898,温泉
笑福の湯,,https://maps.google.com/?cid=11737716733856039264&hl=ja,北海道札幌市西区西野四条4-2-15,¥420,//bus-routes.net/imgs/onsen/onsen8_32@2x.png,43.0743757,141.2776809,銭湯
ないえ温泉 ホテル北乃湯,http://naieonsenhotel.com/,https://maps.google.com/?cid=769362829420191828&hl=ja,北海道空知郡奈井江町町東奈井江162-2,¥520,//bus-routes.net/imgs/onsen/onsen2_32@2x.png,43.4461557,141.9329467,温泉
ニュー金の湯,http://www.kita-no-sento.com/sento/834/,https://maps.google.com/?cid=6780788498532451504&hl=ja,北海道旭川市南一条26丁目,¥450,//bus-routes.net/imgs/onsen/onsen8_32@2x.png,43.7555876,142.3860727,銭湯
マウレ山荘 ポッケの湯,https://www.maure-sanso.com/hotspring/,https://maps.google.com/?cid=5914991703285381360&hl=ja,北海道紋別郡遠軽町丸瀬布上武利172,¥600,//bus-routes.net/imgs/onsen/onsen1_32@2x.png,43.9149499,143.3285433,温泉
鶴の湯,https://www.turunoyu.net/,https://maps.google.com/?cid=5784068269381164472&hl=ja,北海道苫小牧市音羽町1-8-11,¥450,//bus-routes.net/imgs/onsen/onsen8_32@2x.png,42.64659,141.612673,銭湯
すすきの天然温泉 湯香郷,https://www.toukakyo.jp/,https://maps.google.com/?cid=16758878219054982876&hl=ja,北海道札幌市中央区南七条西3丁目,"¥2,750",//bus-routes.net/imgs/onsen/onsen2_32@2x.png,43.0524301,141.3548708,温泉
赤井川カルデラ温泉 赤井川村保養センター,http://akaigawa-onsen.com/,https://maps.google.com/?cid=11089396657079725230&hl=ja,北海道余市郡赤井川村字赤井川71-2,¥400,//bus-routes.net/imgs/onsen/onsen1_32@2x.png,43.0810178,140.8122882,温泉
大喜湯(春採店),http://www.taikiyu.com/,https://maps.google.com/?cid=7028635123378033774&hl=ja,北海道釧路市春採7-1-45,¥450,//bus-routes.net/imgs/onsen/onsen1_32@2x.png,42.9761216,144.4141776,温泉
門別温泉 とねっこの湯,http://www.town.hidaka.hokkaido.jp/site/tonekko/,https://maps.google.com/?cid=2726834264175985831&hl=ja,北海道沙流郡日高町字富浜223-140,¥500,//bus-routes.net/imgs/onsen/onsen1_32@2x.png,42.4970655,142.0521426,温泉
旭鉱泉湯,http://www.kita-no-sento.com/sento/805/,https://maps.google.com/?cid=4069903115925041085&hl=ja,北海道旭川市八条9-左1,¥450,//bus-routes.net/imgs/onsen/onsen8_32@2x.png,43.7708833,142.3650083,銭湯
アグリ工房まあぶ,https://mypage.fukanavi.com/ag_mabu/,https://maps.google.com/?cid=6600538971044801864&hl=ja,北海道深川市音江町字音江600,¥500,//bus-routes.net/imgs/onsen/onsen1_32@2x.png,43.6860484,142.0879469,温泉
月形温泉ホテル ゆりかご,https://tsukigataonsen-hotel.com,https://maps.google.com/?cid=9646941559169829977&hl=ja,北海道樺戸郡月形町皆楽公園内,¥550,//bus-routes.net/imgs/onsen/onsen1_32@2x.png,43.34026,141.6823012,温泉
峠の湯びほろ,http://www.tougenoyu.com/,https://maps.google.com/?cid=12271261658049836083&hl=ja,北海道網走郡美幌町都橋40-1,¥500,//bus-routes.net/imgs/onsen/onsen1_32@2x.png,43.8095789,144.1513201,温泉
公園湯,http://www.kouenyu.com/,https://maps.google.com/?cid=7058493021188117426&hl=ja,北海道苫小牧市泉町1-2-10,¥450,//bus-routes.net/imgs/onsen/onsen8_32@2x.png,42.6555183,141.6085397,銭湯
浜益保養センター はまます温泉,http://ishikari-shakyo.org/care-center/hamamasu-onsen/,https://maps.google.com/?cid=8616924518868289059&hl=ja,北海道石狩市浜益区実田93-2,¥500,//bus-routes.net/imgs/onsen/onsen1_32@2x.png,43.5857515,141.4229893,温泉
スパ＆サウナ オスパー,https://itp.ne.jp/info/019492943175921320/,https://maps.google.com/?cid=5547705853747518276&hl=ja,北海道旭川市宮下通16丁目,"¥1,080",//bus-routes.net/imgs/onsen/onsen2_32@2x.png,43.7601165,142.3709682,温泉
西春別温泉 クローバーハウス,http://www.kita-no-sento.com/sento/1008/,https://maps.google.com/?cid=1127175969568787776&hl=ja,北海道野付郡別海町西春別95,¥450,//bus-routes.net/imgs/onsen/onsen8_32@2x.png,43.4098346,144.7733678,銭湯
琴似温泉,http://www.kita-no-sento.com/sento/146/,https://maps.google.com/?cid=17059749973394875879&hl=ja,北海道札幌市西区八軒七条東1-1-11,¥450,//bus-routes.net/imgs/onsen/onsen8_32@2x.png,43.0861325,141.3191743,銭湯
あわび山荘 貝取澗公営温泉浴場,https://www.kokumin-shukusha.or.jp/annai/ken/hokkaidou/101006.html,https://maps.google.com/?cid=12795959770719903581&hl=ja,北海道久遠郡せたな町大成区貝取澗388,¥400,//bus-routes.net/imgs/onsen/onsen1_32@2x.png,42.1887554,139.8982641,温泉
京極ふれあい交流センター 京極温泉,http://www.town-kyogoku.jp/kanko-event/onsen/kyogokuonsen/,https://maps.google.com/?cid=134843942954139174&hl=ja,北海道虻田郡京極町川西68,¥600,//bus-routes.net/imgs/onsen/onsen1_32@2x.png,42.8590434,140.8726966,温泉
大喜湯(昭和店),http://www.taikiyu.com/,https://maps.google.com/?cid=7471591759976694779&hl=ja,北海道釧路市昭和中央5-11-8,¥440,//bus-routes.net/imgs/onsen/onsen2_32@2x.png,43.0268799,144.3571677,温泉
知内温泉 ユートピア和楽園,http://01392onsen.com,https://maps.google.com/?cid=18082021855508841205&hl=ja,北海道上磯郡知内町湯ノ里287,¥460,//bus-routes.net/imgs/onsen/onsen1_32@2x.png,41.6145919,140.3013741,温泉
ひまわり温泉 森の郷,http://himawari-morinosato.com,https://maps.google.com/?cid=1086232978961157721&hl=ja,北海道帯広市西十一条南32-7,¥450,//bus-routes.net/imgs/onsen/onsen1_32@2x.png,42.9028624,143.1902413,温泉
静内温泉,http://shizunai-onsen.jp/,https://maps.google.com/?cid=10724924693070327150&hl=ja,北海道日高郡新ひだか町静内浦和106,¥500,//bus-routes.net/imgs/onsen/onsen1_32@2x.png,42.320748,142.4237582,温泉
北斗市健康センター せせらぎ温泉,https://www.city.hokuto.hokkaido.jp/docs/1579.html,https://maps.google.com/?cid=369952831556244615&hl=ja,北海道北斗市本町4-3-20,¥350,//bus-routes.net/imgs/onsen/onsen1_32@2x.png,41.8794659,140.6401121,温泉
望月湯,http://www.kita-no-sento.com/sento/133/,https://maps.google.com/?cid=6337208359382203666&hl=ja,北海道札幌市豊平区美園五条7-1-8,¥450,//bus-routes.net/imgs/onsen/onsen8_32@2x.png,43.0380974,141.3883933,銭湯
占冠 湯の沢温泉 森の四季,https://www.yunosawa.com/,https://maps.google.com/?cid=14788244706584712198&hl=ja,北海道勇払郡占冠村占冠国有林114林班,¥500,//bus-routes.net/imgs/onsen/onsen1_32@2x.png,43.0348968,142.4307663,温泉
小さな駅前温泉 開拓ふくろふ乃湯,http://fukurouonsen.iiyudana.net/,https://maps.google.com/?cid=5303887854624678399&hl=ja,北海道石狩郡当別町金沢157-7,¥600,//bus-routes.net/imgs/onsen/onsen1_32@2x.png,43.2469365,141.5666053,温泉
滝川ふれ愛の里,https://takikawa-fureainosato.jp/,https://maps.google.com/?cid=6776802407290457447&hl=ja,北海道滝川市西滝川76-1,¥500,//bus-routes.net/imgs/onsen/onsen1_32@2x.png,43.5833417,141.8936032,温泉
リフレッシュプラザ温泉998,http://www.vill.kamoenai.hokkaido.jp/hotnews/detail/00000152.html,https://maps.google.com/?cid=16083160002011359699&hl=ja,北海道古宇郡神恵内村大川116-1,¥500,//bus-routes.net/imgs/onsen/onsen1_32@2x.png,43.1554683,140.4507448,温泉
日向温泉,https://m.facebook.com/hinataonsen,https://maps.google.com/?cid=12709800336115160595&hl=ja,北海道士別市多寄町4098-6,¥440,//bus-routes.net/imgs/onsen/onsen1_32@2x.png,44.2668777,142.3428034,温泉
朋の湯温泉,http://www.kita-no-sento.com/sento/1103/,https://maps.google.com/?cid=13560816310192181909&hl=ja,北海道帯広市西十一条南15-4,¥450,//bus-routes.net/imgs/onsen/onsen8_32@2x.png,42.9028624,143.1902413,銭湯
大雪山バーデハウス 層雲峡 黒岳の湯,http://www.sounkyo.com/kurodakenoyu.html,https://maps.google.com/?cid=3201001111249627722&hl=ja,北海道上川郡上川町層雲峡温泉,¥600,//bus-routes.net/imgs/onsen/onsen1_32@2x.png,43.7270485,142.9468308,温泉
まさご湯,http://www.kita-no-sento.com/sento/508/,https://maps.google.com/?cid=7401563552373121071&hl=ja,北海道浦河郡浦河町堺町東1-11-1,¥450,//bus-routes.net/imgs/onsen/onsen8_32@2x.png,42.1767765,142.7607924,銭湯
みつわ湯,http://www.kita-no-sento.com/sento/818/,https://maps.google.com/?cid=9840268227158291960&hl=ja,北海道旭川市末広五条1-6-11,¥450,//bus-routes.net/imgs/onsen/onsen8_32@2x.png,43.8093607,142.3737271,銭湯
スーパー銭湯 鳳乃舞 芽室,http://www.hounomai.com/memuro/,https://maps.google.com/?cid=5006818549539729004&hl=ja,北海道河西郡芽室町東四条1-1-32,¥410,//bus-routes.net/imgs/onsen/onsen2_32@2x.png,42.9108659,143.0550049,温泉
エルム高原温泉 ゆったり,http://www.akabira.net/erumu/yuttari/,https://maps.google.com/?cid=7669668394429980555&hl=ja,北海道赤平市幌岡町377-1,¥500,//bus-routes.net/imgs/onsen/onsen1_32@2x.png,43.5963744,142.0476447,温泉
家族風呂 花家族,http://www.e-hanakazoku.com/,https://maps.google.com/?cid=4945767620178774726&hl=ja,北海道函館市石川町266-10,"¥2,000",//bus-routes.net/imgs/onsen/onsen1_32@2x.png,41.8394743,140.748351,温泉
ふるびら温泉 しおかぜ,http://www.town.furubira.lg.jp/tourism/detail.php?id=68,https://maps.google.com/?cid=2678643317348424706&hl=ja,北海道古平郡古平町新地町90-1,¥550,//bus-routes.net/imgs/onsen/onsen1_32@2x.png,43.2835308,140.6363198,温泉
春の湯(武佐店),http://www.harunoyu.com/,https://maps.google.com/?cid=11841946106197981917&hl=ja,北海道釧路市武佐2-28-6,¥450,//bus-routes.net/imgs/onsen/onsen8_32@2x.png,42.9818336,144.4287997,銭湯
小町湯温泉,http://www.kita-no-sento.com/sento/204/,https://maps.google.com/?cid=8056592255687539753&hl=ja,北海道小樽市信香町11-4,¥450,//bus-routes.net/imgs/onsen/onsen8_32@2x.png,43.1849091,141.0116376,銭湯
上ノ国町国民温泉保養センター 湯ノ岱温泉,http://www.town.kaminokuni.lg.jp/hotnews/detail/00000167.html,https://maps.google.com/?cid=7226777923737166105&hl=ja,北海道檜山郡上ノ国町字湯ノ岱517-5,¥350,//bus-routes.net/imgs/onsen/onsen1_32@2x.png,41.7461983,140.2442022,温泉
さかえ湯,http://www.kita-no-sento.com/sento/107/,https://maps.google.com/?cid=4093386819074803711&hl=ja,北海道札幌市中央区北十条西22-2-1,¥450,//bus-routes.net/imgs/onsen/onsen8_32@2x.png,43.0693408,141.3204557,銭湯
大黒湯,http://www.kita-no-sento.com/sento/806/,https://maps.google.com/?cid=2276532185410815893&hl=ja,北海道旭川市三条17-右2,¥450,//bus-routes.net/imgs/onsen/onsen8_32@2x.png,43.7633921,142.3741932,銭湯
楽々温泉,,https://maps.google.com/?cid=4370885777689501800&hl=ja,北海道室蘭市宮の森町4-22-17,¥440,//bus-routes.net/imgs/onsen/onsen2_32@2x.png,42.3511745,141.0266932,温泉
かつら湯,http://www.kita-no-sento.com/sento/913/,https://maps.google.com/?cid=1063346743966693507&hl=ja,北海道釧路市鳥取北5-5-11,¥450,//bus-routes.net/imgs/onsen/onsen8_32@2x.png,43.0185984,144.349398,銭湯
街のオアシス 湯めらんど,https://yume-land.info/sp/06.html,https://maps.google.com/?cid=984890521386543802&hl=ja,北海道札幌市白石区菊水元町五条3丁目,¥450,//bus-routes.net/imgs/onsen/onsen2_32@2x.png,43.0687506,141.4072673,温泉
たぬきの里,http://www16.plala.or.jp/tanuki-sato/,https://maps.google.com/?cid=11992319484094168068&hl=ja,北海道帯広市西五条南15-11-3,¥450,//bus-routes.net/imgs/onsen/onsen2_32@2x.png,42.914561,143.197786,温泉
美好湯,,https://maps.google.com/?cid=7130920509769745239&hl=ja,北海道北見市美芳町7-5-23,¥420,//bus-routes.net/imgs/onsen/onsen8_32@2x.png,43.8045945,143.8815638,銭湯
日帰り健康ランド 華のゆ,https://www.route-inn.co.jp/hananoyu-makubetsu/index.html,https://maps.google.com/?cid=6607254694724165394&hl=ja,北海道中川郡幕別町依田384,¥950,//bus-routes.net/imgs/onsen/onsen2_32@2x.png,42.8986511,143.254746,温泉
神宮温泉,http://www.kita-no-sento.com/sento/106/,https://maps.google.com/?cid=3646770156959394584&hl=ja,北海道札幌市中央区北三条西29-1-18,¥450,//bus-routes.net/imgs/onsen/onsen8_32@2x.png,43.0593055,141.3123638,銭湯
自由ヶ丘温泉,,https://maps.google.com/?cid=14164664913784347569&hl=ja,北海道帯広市自由が丘4-4-19,¥440,//bus-routes.net/imgs/onsen/onsen1_32@2x.png,42.9017276,143.1565153,温泉
萬石湯,http://www.kita-no-sento.com/sento/815/,https://maps.google.com/?cid=5718678892447839034&hl=ja,北海道旭川市旭町一条9丁目,¥450,//bus-routes.net/imgs/onsen/onsen8_32@2x.png,43.7877754,142.3502305,銭湯
礼文島温泉 うすゆきの湯,http://www.usuyuki.jp/,https://maps.google.com/?cid=7225214421338989621&hl=ja,北海道礼文郡礼文町香深村ベッシュ961-1,¥600,//bus-routes.net/imgs/onsen/onsen1_32@2x.png,45.3555318,141.0333773,温泉
岩尾温泉 あったま〜る,https://www.town.mashike.hokkaido.jp/tourism/place/iwaospa/index.html,https://maps.google.com/?cid=11748252085700621193&hl=ja,北海道増毛郡増毛町岩老1091-1,¥500,//bus-routes.net/imgs/onsen/onsen1_32@2x.png,43.7704968,141.3767893,温泉
繁次郎温泉,http://esashi-fukushikai.com/eq/eq-onsen.html,https://maps.google.com/?cid=16687577640339151767&hl=ja,北海道檜山郡江差町尾山町126,¥300,//bus-routes.net/imgs/onsen/onsen1_32@2x.png,41.8972168,140.1414137,温泉
川湯公衆浴場,https://www.walkerplus.com/spot/ar0101s19451/map.html,https://maps.google.com/?cid=6006277014789548286&hl=ja,北海道川上郡弟子屈町川湯温泉3-1-7,¥250,//bus-routes.net/imgs/onsen/onsen3_32@2x.png,43.6383968,144.435725,共同浴場・銭湯
ローマノ福の湯,http://ro-ma.jp/,https://maps.google.com/?cid=1063960392621483865&hl=ja,北海道帯広市東九条南12-4,¥440,//bus-routes.net/imgs/onsen/onsen2_32@2x.png,42.9199296,143.219593,温泉
祝梅温泉,https://www.facebook.com/%E7%A5%9D%E6%A2%85%E6%B8%A9%E6%B3%89-1452929234828060/,https://maps.google.com/?cid=11069197575843120798&hl=ja,北海道千歳市祝梅2142-7,¥350,//bus-routes.net/imgs/onsen/onsen3_32@2x.png,42.8429345,141.6923658,共同浴場・銭湯
緑の湯,http://www.town.kiyosato.hokkaido.jp/kankou/onsen/midorinoyu.html,https://maps.google.com/?cid=11793129420364923093&hl=ja,北海道斜里郡清里町緑町26,¥390,//bus-routes.net/imgs/onsen/onsen1_32@2x.png,43.7191764,144.5056801,温泉
七福湯,http://www.kita-no-sento.com/sento/117/,https://maps.google.com/?cid=16332821869913251103&hl=ja,北海道札幌市中央区北四条東4-3,¥450,//bus-routes.net/imgs/onsen/onsen8_32@2x.png,43.0671579,141.3614574,銭湯
川下公園 リラックスプラザ,http://www.sapporo-park.or.jp/kawasimo/relaxplaza/,https://maps.google.com/?cid=8640297868929156147&hl=ja,北海道札幌市白石区川下2651,¥700,//bus-routes.net/imgs/onsen/onsen1_32@2x.png,43.0648364,141.4414198,温泉
健康ハウス 木野温泉,,https://maps.google.com/?cid=6207242433250205955&hl=ja,北海道河東郡音更町木野大通東10-6,¥600,//bus-routes.net/imgs/onsen/onsen1_32@2x.png,42.9550176,143.2093432,温泉
ルスツ温泉,http://www.vill.rusutsu.lg.jp/hotnews/detail/00001555.html,https://maps.google.com/?cid=13051604217312100628&hl=ja,北海道虻田郡留寿都村留寿都156-2,¥300,//bus-routes.net/imgs/onsen/onsen3_32@2x.png,42.7292604,140.8675048,共同浴場・銭湯
北桧山温泉 温泉ホテル きたひやま,http://www.hotel-kitahiyama.com/,https://maps.google.com/?cid=12519858772093874464&hl=ja,北海道久遠郡せたな町北檜山区徳島4-16,¥400,//bus-routes.net/imgs/onsen/onsen1_32@2x.png,42.4150823,139.8801714,温泉
根志越温泉 くるみの湯,https://pucchi.net/hokkaido/trippoint/neshikoshi.php,https://maps.google.com/?cid=5288856764980993738&hl=ja,北海道千歳市根志越59-13,¥430,//bus-routes.net/imgs/onsen/onsen1_32@2x.png,42.8462529,141.6820311,温泉
菊水湯,http://www.kita-no-sento.com/sento/120/,https://maps.google.com/?cid=9355835226198961065&hl=ja,北海道札幌市白石区菊水三条1-5-3,¥450,//bus-routes.net/imgs/onsen/onsen8_32@2x.png,43.0590752,141.3708991,銭湯
安平町ぬくもりセンター ぬくもりの湯,https://www.town.abira.lg.jp/midokoro/nukumori,https://maps.google.com/?cid=6627028599604788939&hl=ja,北海道勇払郡安平町追分中央1-40,¥500,//bus-routes.net/imgs/onsen/onsen1_32@2x.png,42.8756362,141.8102598,温泉
天然温泉 はこだて大森の湯,https://www.paco.co.jp/hakodatebettei/spa.html,https://maps.google.com/?cid=16060968984613579271&hl=ja,北海道函館市大森町25-7,"¥1,100",//bus-routes.net/imgs/onsen/onsen2_32@2x.png,41.7702366,140.7359137,温泉
円山温泉,http://www.kita-no-sento.com/sento/102/,https://maps.google.com/?cid=10187348539762682427&hl=ja,北海道札幌市中央区南六条西23-5-2,¥450,//bus-routes.net/imgs/onsen/onsen8_32@2x.png,43.049599,141.3243653,銭湯
洞爺いこいの家,,https://maps.google.com/?cid=4896584584396194652&hl=ja,北海道虻田郡洞爺湖町洞爺町199,¥440,//bus-routes.net/imgs/onsen/onsen1_32@2x.png,42.6395674,140.8226957,温泉
サンサンの湯,https://33noyu.asumot.co.jp/,https://maps.google.com/?cid=3249858440637782371&hl=ja,北海道岩内郡岩内町字野束500,¥500,//bus-routes.net/imgs/onsen/onsen1_32@2x.png,42.9518493,140.5072468,温泉
鍛治温泉,http://www.kita-no-sento.com/sento/325/,https://maps.google.com/?cid=9396220127522207654&hl=ja,北海道函館市鍛治1-34-15,¥450,//bus-routes.net/imgs/onsen/onsen8_32@2x.png,41.8064017,140.7642942,銭湯
虎杖浜温泉 花の湯,https://shiraoi.net/spa-stay/%E6%97%A5%E5%B8%B0%E3%82%8A%E5%85%A5%E6%B5%B4%E6%96%BD%E8%A8%AD/,https://maps.google.com/?cid=3982540908117956242&hl=ja,北海道白老郡白老町字虎杖浜40-2,¥530,//bus-routes.net/imgs/onsen/onsen1_32@2x.png,42.4643486,141.2198652,温泉
くつろぎ湯処 紋太の湯,http://www.op-hotel.com/access/montanoyu.html,https://maps.google.com/?cid=6309752368380223535&hl=ja,北海道紋別市幸町5-1-35,¥680,//bus-routes.net/imgs/onsen/onsen1_32@2x.png,44.351622,143.3517816,温泉
田家の湯,http://www.kita-no-sento.com/sento/337/,https://maps.google.com/?cid=11495509042691265153&hl=ja,北海道函館市田家町5-11,¥450,//bus-routes.net/imgs/onsen/onsen8_32@2x.png,41.7983703,140.7483611,銭湯
おとべ温泉 いこいの湯,https://www.town.otobe.lg.jp/section/sangyou/e0taal0000000ln1.html,https://maps.google.com/?cid=9415464330811209699&hl=ja,北海道爾志郡乙部町館浦527-2,¥400,//bus-routes.net/imgs/onsen/onsen1_32@2x.png,41.9784483,140.1415215,温泉
望洋湯,http://www.kita-no-sento.com/sento/908/,https://maps.google.com/?cid=7412627555801827443&hl=ja,北海道釧路市春採6-4-5,¥450,//bus-routes.net/imgs/onsen/onsen8_32@2x.png,42.9681921,144.4127322,銭湯
利尻富士温泉,http://www.town.rishirifuji.hokkaido.jp/rishirifuji/1204.htm,https://maps.google.com/?cid=685822107812130609&hl=ja,北海道利尻郡利尻富士町鴛泊字栄町1-227-7,¥500,//bus-routes.net/imgs/onsen/onsen1_32@2x.png,45.2456763,141.2229794,温泉
福祉の里温泉,https://www.sarabetsu.jp/sightseeing/shisetsu/fukushinosato/,https://maps.google.com/?cid=8532984675155718028&hl=ja,北海道河西郡更別村更別190-1,¥400,//bus-routes.net/imgs/onsen/onsen1_32@2x.png,42.6461716,143.1939566,温泉
公衆浴場 くすのき,http://www1.hokkaido-kusunoki.com/?kw=web%20portal,https://maps.google.com/?cid=18138799174548232025&hl=ja,北海道標津郡標津町南八条西1-4-1,¥380,//bus-routes.net/imgs/onsen/onsen8_32@2x.png,43.6497008,145.1368895,銭湯
伏見温泉,http://www.kita-no-sento.com/sento/112/,https://maps.google.com/?cid=10095876220157953645&hl=ja,北海道札幌市中央区南十七条西17-3-24,¥450,//bus-routes.net/imgs/onsen/onsen8_32@2x.png,43.0358395,141.3338081,銭湯
知床斜里温泉 グリーン温泉,http://www.goodinns.com/greenspa/,https://maps.google.com/?cid=11503112480765698662&hl=ja,北海道斜里郡斜里町港町7-4,¥450,//bus-routes.net/imgs/onsen/onsen3_32@2x.png,43.9137585,144.6624826,共同浴場・銭湯
清美湯,http://www.kita-no-sento.com/sento/179/,https://maps.google.com/?cid=16470926781991550441&hl=ja,北海道江別市あけぼの町14-13,¥450,//bus-routes.net/imgs/onsen/onsen8_32@2x.png,43.102009,141.5789189,銭湯
扇の湯,http://www.kita-no-sento.com/sento/142/,https://maps.google.com/?cid=1926487634403067482&hl=ja,北海道札幌市西区琴似三条4-1-1,¥450,//bus-routes.net/imgs/onsen/onsen8_32@2x.png,43.0782611,141.3019563,銭湯
柳川湯,http://www.kita-no-sento.com/sento/211/,https://maps.google.com/?cid=1947291808395603371&hl=ja,北海道小樽市稲穂3-16-16,¥450,//bus-routes.net/imgs/onsen/onsen8_32@2x.png,43.200058,140.9951251,銭湯
七飯町健康センター アップル温泉,http://www.town.nanae.hokkaido.jp/hotnews/detail/00000314.html,https://maps.google.com/?cid=7729875759613523193&hl=ja,北海道亀田郡七飯町中野194-1,¥400,//bus-routes.net/imgs/onsen/onsen1_32@2x.png,41.8599648,140.7082721,温泉
西ききょう温泉 健康グランド,http://www.hakonavi.ne.jp/spa/hakodate/nishikikyou/index.html,https://maps.google.com/?cid=17439865919232341827&hl=ja,北海道函館市西桔梗町444-1,¥370,//bus-routes.net/imgs/onsen/onsen1_32@2x.png,41.8308273,140.712185,温泉
松の湯,http://www.kita-no-sento.com/sento/828/,https://maps.google.com/?cid=9738007395596070148&hl=ja,北海道上川郡美瑛町西町1-8-7,¥450,//bus-routes.net/imgs/onsen/onsen8_32@2x.png,43.587867,142.4581382,銭湯
松前温泉休養センター,http://www.hakonavi.ne.jp/spa/dounan/matsumaeonsen/index.html,https://maps.google.com/?cid=184687805229440304&hl=ja,北海道松前郡松前町大沢652-14,¥400,//bus-routes.net/imgs/onsen/onsen1_32@2x.png,41.4354688,140.148891,温泉
湯川温泉 大盛湯,http://www.taiseiyu.com/,https://maps.google.com/?cid=13596287525633926719&hl=ja,北海道函館市湯川町2-18-23,¥450,//bus-routes.net/imgs/onsen/onsen3_32@2x.png,41.7803489,140.7900635,共同浴場・銭湯
吉岡温泉 ゆとらぎ館,,https://maps.google.com/?cid=16770350728082325179&hl=ja,北海道松前郡福島町吉岡303,¥400,//bus-routes.net/imgs/onsen/onsen1_32@2x.png,41.4435065,140.227347,温泉
ななえ天然温泉 ゆうひの館,https://www.hakobura.jp/db/db-onsen/2012/12/post-41.html,https://maps.google.com/?cid=10867764221501153639&hl=ja,北海道亀田郡七飯町本町4-6-1,¥450,//bus-routes.net/imgs/onsen/onsen1_32@2x.png,41.896558,140.6901906,温泉
仲洞爺温泉 来夢人の家,http://www.sobetsu-onsen.net/onsen/kimundo.html,https://maps.google.com/?cid=15702894322579110907&hl=ja,北海道有珠郡壮瞥町仲洞爺30-11,¥420,//bus-routes.net/imgs/onsen/onsen1_32@2x.png,42.6137294,140.9159023,温泉
フタバゆ,http://www.kita-no-sento.com/sento/820/,https://maps.google.com/?cid=7354682986041660875&hl=ja,北海道旭川市春光七条5-2-22,¥450,//bus-routes.net/imgs/onsen/onsen8_32@2x.png,43.8056073,142.3569409,銭湯
花沢温泉 花沢温泉簡易浴場,http://www.town.kaminokuni.lg.jp/hotnews/detail/00000166.html,https://maps.google.com/?cid=10048984001025201194&hl=ja,北海道檜山郡上ノ国町勝山161,¥200,//bus-routes.net/imgs/onsen/onsen3_32@2x.png,41.7979444,140.1144894,共同浴場・銭湯
大学湯,http://www.kita-no-sento.com/sento/159/,https://maps.google.com/?cid=16123598573758528161&hl=ja,北海道札幌市東区北二十七条東4-1-43,¥450,//bus-routes.net/imgs/onsen/onsen8_32@2x.png,43.0975718,141.3683805,銭湯
上士幌町健康増進センター ふれあいプラザ,https://www.kamishihoro.jp/sp/fureaiplaza,https://maps.google.com/?cid=18141725956365499548&hl=ja,北海道河東郡上士幌町上士幌東3線236,¥300,//bus-routes.net/imgs/onsen/onsen1_32@2x.png,43.2302394,143.2965428,温泉
神威脇温泉保養所,http://www.hiyama.pref.hokkaido.lg.jp/ss/srk/tabi/05okushi/parts/1502kmi.htm,https://maps.google.com/?cid=4368853475936397316&hl=ja,北海道奥尻郡奥尻町湯浜,¥420,//bus-routes.net/imgs/onsen/onsen1_32@2x.png,42.1678306,139.4310524,温泉
臼別温泉 湯とぴあ臼別,http://www.hiyama.pref.hokkaido.lg.jp/ss/srk/tabi/04s_tais/parts/1403yut.htm,https://maps.google.com/?cid=11467064853165068764&hl=ja,北海道久遠郡せたな町大成区平浜691,¥100,//bus-routes.net/imgs/onsen/onsen1_32@2x.png,42.2132973,139.8940568,温泉
ウトロ温泉 夕陽台の湯,https://www.shiretoko.asia/list_scenery.html,https://maps.google.com/?cid=12562721751844618944&hl=ja,北海道斜里郡斜里町ウトロ東429,¥500,//bus-routes.net/imgs/onsen/onsen1_32@2x.png,44.072235,144.9990963,温泉
奥の湯,http://okunoyu-sentou.com/,https://maps.google.com/?cid=2783801532846163608&hl=ja,北海道札幌市北区北三十一条西3-4-15,¥450,//bus-routes.net/imgs/onsen/onsen8_32@2x.png,43.0971799,141.3363403,銭湯
共栄湯,http://www.kita-no-sento.com/sento/125/,https://maps.google.com/?cid=11851848191051755376&hl=ja,北海道札幌市白石区東札幌五条4-1-6,¥450,//bus-routes.net/imgs/onsen/onsen8_32@2x.png,43.0519631,141.3917848,銭湯
鶴の湯,http://www.kita-no-sento.com/sento/914/,https://maps.google.com/?cid=16656569678843939511&hl=ja,北海道釧路市星ヶ浦南3-4-13,¥450,//bus-routes.net/imgs/onsen/onsen8_32@2x.png,43.0114301,144.317913,銭湯
錦湯,http://nishikiyu.com/,https://maps.google.com/?cid=943563362897599234&hl=ja,北海道恵庭市相生町158,¥400,//bus-routes.net/imgs/onsen/onsen8_32@2x.png,42.880522,141.585192,銭湯
大正湯,http://www.kita-no-sento.com/sento/302/,https://maps.google.com/?cid=16621780339474372517&hl=ja,北海道函館市弥生町14-9,¥450,//bus-routes.net/imgs/onsen/onsen8_32@2x.png,41.7706899,140.7031333,銭湯
ゆーあいの家,http://www.sobetsu-onsen.net/onsen/yu-ai.html,https://maps.google.com/?cid=16110499151850696154&hl=ja,北海道有珠郡壮瞥町字滝之町290-44,¥420,//bus-routes.net/imgs/onsen/onsen1_32@2x.png,42.548229,140.8791393,温泉
こもれび温泉,http://www.town.shiriuchi.hokkaido.jp/kanko/meisho/komorebionsen.html,https://maps.google.com/?cid=3375869289213888564&hl=ja,北海道上磯郡知内町元町103-2,¥400,//bus-routes.net/imgs/onsen/onsen1_32@2x.png,41.5792381,140.4151334,温泉
風呂楽,http://sugi1709.onasake.com/,https://maps.google.com/?cid=18386176156343774356&hl=ja,北海道札幌市南区澄川四条9-10-62,¥450,//bus-routes.net/imgs/onsen/onsen8_32@2x.png,43.0024661,141.3668831,銭湯
標茶温泉 富士温泉,http://www.sip.or.jp/~kankou/stay/stay-top.html,https://maps.google.com/?cid=3317292479961450716&hl=ja,北海道川上郡標茶町富士5-26,¥360,//bus-routes.net/imgs/onsen/onsen3_32@2x.png,43.2959223,144.6036677,共同浴場・銭湯
東豊湯,http://www.kita-no-sento.com/sento/119/,https://maps.google.com/?cid=7190753095978578815&hl=ja,北海道札幌市豊平区豊平八条8-1-7,¥450,//bus-routes.net/imgs/onsen/onsen8_32@2x.png,43.0455186,141.3701702,銭湯
富美の湯,http://www.kita-no-sento.com/sento/502/,https://maps.google.com/?cid=5570388594283339850&hl=ja,北海道苫小牧市沼の端638-16,¥450,//bus-routes.net/imgs/onsen/onsen8_32@2x.png,42.669198,141.7084294,銭湯
さつき湯,http://www.kita-no-sento.com/sento/105/,https://maps.google.com/?cid=14198290687280481905&hl=ja,北海道札幌市中央区北五条西24-3-11,¥450,//bus-routes.net/imgs/onsen/onsen8_32@2x.png,43.0634022,141.3188427,銭湯
大滝区共同浴場 ふるさとの湯,,https://maps.google.com/?cid=3143436790826723633&hl=ja,北海道伊達市大滝区優徳町87-11,無料,//bus-routes.net/imgs/onsen/onsen3_32@2x.png,42.6406415,141.0439003,共同浴場・銭湯
苫の湯,http://www.kita-no-sento.com/sento/507/,https://maps.google.com/?cid=10292896823217153177&hl=ja,北海道苫小牧市大成町1-12-10,¥450,//bus-routes.net/imgs/onsen/onsen8_32@2x.png,42.6286444,141.5749173,銭湯
越川温泉共同浴場,,https://maps.google.com/?cid=12071977282173141699&hl=ja,北海道斜里郡斜里町越川,¥200,//bus-routes.net/imgs/onsen/onsen3_32@2x.png,43.8481902,144.795195,共同浴場・銭湯
桜成浴場,http://www.kita-no-sento.com/sento/317/,https://maps.google.com/?cid=9430209282905784218&hl=ja,北海道函館市上新川町5-6,¥450,//bus-routes.net/imgs/onsen/onsen8_32@2x.png,41.7798861,140.7363835,銭湯
標茶温泉 味幸園,,https://maps.google.com/?cid=10282780060957643006&hl=ja,北海道川上郡標茶町下オソツベツ628,¥400,//bus-routes.net/imgs/onsen/onsen1_32@2x.png,43.3304706,144.4835723,温泉
喜楽湯,http://www.kita-no-sento.com/sento/919/,https://maps.google.com/?cid=13860758056072457852&hl=ja,北海道厚岸郡厚岸町真栄2-108,¥450,//bus-routes.net/imgs/onsen/onsen8_32@2x.png,43.053977,144.8450512,銭湯
高栄湯,http://www.kita-no-sento.com/sento/1303/,https://maps.google.com/?cid=15709696649653931468&hl=ja,北海道北見市高栄西町7-5-4,¥450,//bus-routes.net/imgs/onsen/onsen8_32@2x.png,43.8145594,143.8601443,銭湯
樹海温泉 はくあ,http://www.town.mukawa.lg.jp/2649.htm,https://maps.google.com/?cid=16223077283917206446&hl=ja,北海道勇払郡むかわ町穂別稲里417-1,¥520,//bus-routes.net/imgs/onsen/onsen1_32@2x.png,42.8678045,142.1587051,温泉
和の湯 やわらぎの湯,http://www.yakumo-okanoeki.com/spot/detail.php?id=317,https://maps.google.com/?cid=3414283451923432391&hl=ja,北海道二海郡八雲町立岩201-8,¥440,//bus-routes.net/imgs/onsen/onsen1_32@2x.png,42.2767499,140.2390821,温泉
大船温泉 下の湯,http://shimonoyu.com/burogu/onsen-simonoyu,https://maps.google.com/?cid=17237918086640130467&hl=ja,北海道函館市大船町,¥300,//bus-routes.net/imgs/onsen/onsen3_32@2x.png,41.9578197,140.9122748,共同浴場・銭湯
21世紀の森 森の湯,http://www.asahikawashi21seikinomori.net/family.html,https://maps.google.com/?cid=14093082495177871037&hl=ja,北海道旭川市東旭川町瑞穂937,無料,//bus-routes.net/imgs/onsen/onsen1_32@2x.png,43.7156393,142.6783308,温泉
上里温泉 上里ふれあい交流センター,https://www.town.assabu.lg.jp/modules/sightinfo/content0067.html,https://maps.google.com/?cid=7506360148277770150&hl=ja,北海道桧山郡厚沢部町字上里92-1,¥400,//bus-routes.net/imgs/onsen/onsen1_32@2x.png,41.9325879,140.2364353,温泉
丹頂湯,http://www.kita-no-sento.com/sento/901/,https://maps.google.com/?cid=17058631323948803950&hl=ja,北海道釧路市鳥取大通3-12-24,¥450,//bus-routes.net/imgs/onsen/onsen8_32@2x.png,43.0137141,144.3571444,銭湯
池田清見温泉,https://kankou-ikeda.com/shop/242/,https://maps.google.com/?cid=14588972598643024089&hl=ja,北海道中川郡池田町清見ヶ丘10,¥450,//bus-routes.net/imgs/onsen/onsen1_32@2x.png,42.9292353,143.4559798,温泉
函館伏白稲荷温泉,,https://maps.google.com/?cid=14231465118074983760&hl=ja,北海道函館市陣川町122-7,¥500,//bus-routes.net/imgs/onsen/onsen1_32@2x.png,41.8373631,140.7913936,温泉
千成湯,http://www.kita-no-sento.com/sento/136/,https://maps.google.com/?cid=891261388527703310&hl=ja,北海道札幌市豊平区平岸二条2-2-6,¥450,//bus-routes.net/imgs/onsen/onsen8_32@2x.png,43.0414526,141.3686324,銭湯
ふれあい湯遊館,http://toi-wp.com/spa.php,https://maps.google.com/?cid=1389559988627959068&hl=ja,北海道函館市原木町285-1,¥360,//bus-routes.net/imgs/onsen/onsen1_32@2x.png,41.7295617,141.0318764,温泉
多目的研修集会施設 弄月館,https://www.city.date.hokkaido.jp/hotnews/detail/00002435.html,https://maps.google.com/?cid=8983331919370580152&hl=ja,北海道伊達市弄月町164-9,¥440,//bus-routes.net/imgs/onsen/onsen1_32@2x.png,42.4628344,140.8952827,温泉
利尻ふれあい温泉,http://hotel.rishiri.jp/onsen.html,https://maps.google.com/?cid=511655516005811003&hl=ja,北海道利尻郡利尻町沓形富士見町94,¥550,//bus-routes.net/imgs/onsen/onsen1_32@2x.png,45.1865517,141.1295668,温泉
大正湯,http://www.kita-no-sento.com/sento/110/,https://maps.google.com/?cid=3440315138582533481&hl=ja,北海道札幌市中央区南十条西6-6-22,¥450,//bus-routes.net/imgs/onsen/onsen8_32@2x.png,43.0472837,141.350146,銭湯
道の駅 パパスランドさっつる パパスランド温泉,https://papasland-satturu.com,https://maps.google.com/?cid=12586458197095819326&hl=ja,北海道斜里郡清里町神威1071,¥390,//bus-routes.net/imgs/onsen/onsen1_32@2x.png,43.7907739,144.5346384,温泉
町営公衆浴場 泉の湯,https://www.masyuko.or.jp/introduce/izuminoyu/,https://maps.google.com/?cid=6372037393373071560&hl=ja,北海道川上郡弟子屈町泉3-4-30,¥200,//bus-routes.net/imgs/onsen/onsen3_32@2x.png,43.4810685,144.4659506,共同浴場・銭湯
摩周温泉 亀の湯,https://www.masyuko.or.jp/introduce/kamenoyu/,https://maps.google.com/?cid=12112158009268966312&hl=ja,北海道川上郡弟子屈町桜丘2-3-1,¥200,//bus-routes.net/imgs/onsen/onsen3_32@2x.png,43.4797247,144.4483089,共同浴場・銭湯
サンホールはぴねす,http://www.town.takasu.hokkaido.jp/kurashi/shisetsu/hapinesu.html,https://maps.google.com/?cid=7131110131624657932&hl=ja,北海道上川郡鷹栖町南1条3-2-1,¥400,//bus-routes.net/imgs/onsen/onsen1_32@2x.png,43.8438884,142.3565841,温泉
緑丘温泉 みどりヶ丘の湯っこ,http://www.hiyama.pref.hokkaido.lg.jp/ss/srk/tabi/07esashi/parts/1711mdr.htm,https://maps.google.com/?cid=11941516365325702027&hl=ja,北海道檜山郡江差町字緑丘172,¥390,//bus-routes.net/imgs/onsen/onsen1_32@2x.png,41.8640666,140.1365534,温泉
金栄湯,http://www.kita-no-sento.com/sento/803/,https://maps.google.com/?cid=13363153170169666108&hl=ja,北海道旭川市一条2-右4,¥450,//bus-routes.net/imgs/onsen/onsen8_32@2x.png,43.7678257,142.3483433,銭湯
ふれあいセンター フロックス,http://www.fukujyuen.info/phlox.php,https://maps.google.com/?cid=15501644135572913038&hl=ja,北海道網走郡大空町東藻琴387-8,¥440,//bus-routes.net/imgs/onsen/onsen1_32@2x.png,43.8406436,144.2909633,温泉
女満別農業構造改善センター ひまわり温泉,http://www.town.ozora.hokkaido.jp/docs/2014111400022/,https://maps.google.com/?cid=7799165280172279745&hl=ja,北海道網走郡大空町女満別西四条5-4-2,¥450,//bus-routes.net/imgs/onsen/onsen1_32@2x.png,43.9072918,144.1733704,温泉
よいち観光温泉,,https://maps.google.com/?cid=13321393745132932374&hl=ja,北海道余市郡余市町山田町7,¥420,//bus-routes.net/imgs/onsen/onsen1_32@2x.png,43.1852092,140.7826359,温泉
ニュー銭湯豊川,https://toyokawayu.wixsite.com/toyokawayu,https://maps.google.com/?cid=5980128252857811832&hl=ja,北海道苫小牧市豊川町4-7-7,¥420,//bus-routes.net/imgs/onsen/onsen8_32@2x.png,42.6341128,141.5484828,銭湯
川沿湯,http://www.kita-no-sento.com/sento/116/,https://maps.google.com/?cid=15347435095556643938&hl=ja,北海道札幌市南区川沿四条3-2-1,¥450,//bus-routes.net/imgs/onsen/onsen8_32@2x.png,42.9950952,141.3312717,銭湯
松乃湯,,https://maps.google.com/?cid=5231639244188502584&hl=ja,北海道岩見沢市日の出町24,¥500,//bus-routes.net/imgs/onsen/onsen8_32@2x.png,43.2055068,141.7852534,銭湯
星の湯,http://www.kita-no-sento.com/sento/915/,https://maps.google.com/?cid=18006741025304432411&hl=ja,北海道釧路市星ヶ浦北2-1-66,¥450,//bus-routes.net/imgs/onsen/onsen8_32@2x.png,43.0176726,144.3147438,銭湯
丸瀬布温泉 やまびこ,http://engaru.jp/asobu-manabu/21kyoutsu/kankousisetu/onsen/maruseppu-onsen/yamabiko.html,https://maps.google.com/?cid=904399099631257364&hl=ja,北海道紋別郡遠軽町丸瀬布上武利53,¥500,//bus-routes.net/imgs/onsen/onsen1_32@2x.png,43.9321201,143.3329268,温泉
ときわ湯,http://www.kita-no-sento.com/sento/1305/,https://maps.google.com/?cid=17201160643157407501&hl=ja,北海道網走市四条西2-10,¥450,//bus-routes.net/imgs/onsen/onsen8_32@2x.png,44.0199814,144.2653715,銭湯
黄金湯,http://koganeyu-nakaton.com/,https://maps.google.com/?cid=3183848732023921416&hl=ja,北海道枝幸郡中頓別町中頓別60-1,¥400,//bus-routes.net/imgs/onsen/onsen8_32@2x.png,44.9730131,142.2888668,銭湯
今金町交流促進センター あったからんど,http://www.hakonavi.ne.jp/spa/dounan/attakaland/index.html,https://maps.google.com/?cid=2597230982729967532&hl=ja,北海道瀬棚郡今金町今金435-270,¥420,//bus-routes.net/imgs/onsen/onsen1_32@2x.png,42.424192,140.0194581,温泉
松の湯,http://www.kita-no-sento.com/sento/501/,https://maps.google.com/?cid=14984625308974634350&hl=ja,北海道苫小牧市浜町2-6-12,¥450,//bus-routes.net/imgs/onsen/onsen8_32@2x.png,42.6270485,141.5929019,銭湯
末広湯,http://www.kita-no-sento.com/sento/111/,https://maps.google.com/?cid=6963820612134102589&hl=ja,北海道札幌市中央区南十一条西12-1-12,¥450,//bus-routes.net/imgs/onsen/onsen8_32@2x.png,43.0445402,141.3342809,銭湯
久保内ふれあいセンター,http://www.sobetsu-onsen.net/onsen/kubonai.html,https://maps.google.com/?cid=12894326261855857190&hl=ja,北海道有珠郡壮瞥町南久保内151-3,¥420,//bus-routes.net/imgs/onsen/onsen1_32@2x.png,42.5774942,140.956632,温泉
越の湯,http://www.kita-no-sento.com/sento/1003/,https://maps.google.com/?cid=1944997203221414820&hl=ja,北海道根室市平内町2-12,¥450,//bus-routes.net/imgs/onsen/onsen8_32@2x.png,43.3319519,145.5756081,銭湯
滝の湯,http://www.kita-no-sento.com/sento/148/,https://maps.google.com/?cid=9523350281869479397&hl=ja,北海道札幌市西区発寒十三条4-1-25,¥450,//bus-routes.net/imgs/onsen/onsen8_32@2x.png,43.1026075,141.2870575,銭湯
みずほ湯,http://www.kita-no-sento.com/sento/824/,https://maps.google.com/?cid=9299907782946791235&hl=ja,北海道旭川市永山六条15-6-5,¥450,//bus-routes.net/imgs/onsen/onsen8_32@2x.png,43.8033199,142.431132,銭湯
美香保湯,http://www.kita-no-sento.com/sento/155/,https://maps.google.com/?cid=12100561965227572552&hl=ja,北海道札幌市東区北十七条東8-2-10,¥450,//bus-routes.net/imgs/onsen/onsen8_32@2x.png,43.0837305,141.3663671,銭湯
せたな町公営温泉浴場 やすらぎ館,http://www.hiyama.pref.hokkaido.lg.jp/ss/srk/tabi/02s_seta/parts/1201stn.htm,https://maps.google.com/?cid=10307763340745762856&hl=ja,北海道久遠郡せたな町瀬棚区本町948-7,¥400,//bus-routes.net/imgs/onsen/onsen1_32@2x.png,42.4478263,139.852398,温泉
珊内ぬくもり温泉,http://www.vill.kamoenai.hokkaido.jp/hotnews/detail/00000151.html,https://maps.google.com/?cid=9048564874955096260&hl=ja,北海道古宇郡神恵内村珊内村57-29,¥500,//bus-routes.net/imgs/onsen/onsen1_32@2x.png,43.1967471,140.348148,温泉
朝日湯,http://www.kita-no-sento.com/sento/210/,https://maps.google.com/?cid=10431243187682586756&hl=ja,北海道小樽市緑2-2-10,¥450,//bus-routes.net/imgs/onsen/onsen8_32@2x.png,43.1866133,140.9885252,銭湯
玉の湯,http://www.kita-no-sento.com/sento/215/,https://maps.google.com/?cid=16176871188416777308&hl=ja,北海道小樽市錦町13-3,¥450,//bus-routes.net/imgs/onsen/onsen8_32@2x.png,43.20689,140.9970096,銭湯
花の湯,,https://maps.google.com/?cid=14581526865180520210&hl=ja,北海道札幌市豊平区中の島二条4-5-8,¥450,//bus-routes.net/imgs/onsen/onsen8_32@2x.png,43.0319372,141.3600678,銭湯
美瑛町 国民保養センター,https://www.town.biei.hokkaido.jp/facility/hoyou.html,https://maps.google.com/?cid=15246866063947865849&hl=ja,北海道上川郡美瑛町白金10502,¥300,//bus-routes.net/imgs/onsen/onsen1_32@2x.png,43.4629555,142.6831375,温泉
コタン共同浴場,https://www.masyuko.or.jp/introduce/cotankyoudou/,https://maps.google.com/?cid=7156030888903651112&hl=ja,北海道川上郡弟子屈町古丹,¥300,//bus-routes.net/imgs/onsen/onsen3_32@2x.png,43.5646362,144.3431594,共同浴場・銭湯
川汲温泉 明林荘,,https://maps.google.com/?cid=6314288759045695339&hl=ja,北海道函館市川汲町,¥420,//bus-routes.net/imgs/onsen/onsen3_32@2x.png,41.8945473,140.9633034,共同浴場・銭湯
浦臼町自然休養村センター,https://www.town.urausu.hokkaido.jp/syoukai/syukuhaku.html,https://maps.google.com/?cid=4220288934106205036&hl=ja,北海道樺戸郡浦臼町キナウスナイ188,¥410,//bus-routes.net/imgs/onsen/onsen1_32@2x.png,43.4503048,141.8360494,温泉
こがね湯,http://www.kita-no-sento.com/sento/817/,https://maps.google.com/?cid=18062186856582793628&hl=ja,北海道旭川市春光五条5-3-3,¥450,//bus-routes.net/imgs/onsen/onsen8_32@2x.png,43.8018971,142.3624052,銭湯
滝下温泉 たっぷりかん,,https://maps.google.com/?cid=13991462143272875913&hl=ja,北海道留萌郡小平町,¥300,//bus-routes.net/imgs/onsen/onsen3_32@2x.png,44.0151849,141.6627351,共同浴場・銭湯
天然温泉 日の出湯,http://www.kita-no-sento.com/sento/602/,https://maps.google.com/?cid=14229622230998899135&hl=ja,北海道滝川市大町1-5-23,¥450,//bus-routes.net/imgs/onsen/onsen8_32@2x.png,43.5571288,141.9126145,銭湯
訓子府温泉 保養センター,http://www.town.kunneppu.hokkaido.jp/life/norinsyoko/onsen.html,https://maps.google.com/?cid=9629837378045062567&hl=ja,北海道常呂郡訓子府町穂波69-66,¥390,//bus-routes.net/imgs/onsen/onsen1_32@2x.png,43.7262873,143.7497603,温泉
鷹の湯,http://www.kita-no-sento.com/sento/118/,https://maps.google.com/?cid=15314896323580795478&hl=ja,北海道札幌市豊平区豊平四条7-1-3,¥450,//bus-routes.net/imgs/onsen/onsen8_32@2x.png,43.0498888,141.3732829,銭湯
福の湯,http://www.fukunoyu.net/,https://maps.google.com/?cid=13999775246368167651&hl=ja,北海道札幌市北区新琴似七条6-6-1,¥450,//bus-routes.net/imgs/onsen/onsen8_32@2x.png,43.1140834,141.3264591,銭湯
乙部町 ゆりの里活性化センター,http://www.hiyama.pref.hokkaido.lg.jp/ss/srk/yurinosato.htm,https://maps.google.com/?cid=1378025368380147953&hl=ja,北海道爾志郡乙部町鳥山427-1,¥300,//bus-routes.net/imgs/onsen/onsen1_32@2x.png,41.995022,140.1281968,温泉
館城温泉 館地区憩いの家,http://www.hiyama.pref.hokkaido.lg.jp/ss/srk/tabi/08assabu/parts/1803tts.htm,https://maps.google.com/?cid=1111546127426531496&hl=ja,北海道檜山郡厚沢部町館町628-3,¥380,//bus-routes.net/imgs/onsen/onsen1_32@2x.png,41.8899731,140.3475714,温泉
江差町 ぬくもり温泉保養センター,http://www.hiyama.pref.hokkaido.lg.jp/ss/srk/nukumori.htm,https://maps.google.com/?cid=15269589012565272681&hl=ja,北海道檜山郡江差町尾山町126,¥440,//bus-routes.net/imgs/onsen/onsen1_32@2x.png,41.8972168,140.1414137,温泉
花園湯,http://www.kita-no-sento.com/sento/818/,https://maps.google.com/?cid=15123412955283768100&hl=ja,北海道旭川市春光四条7-4-7,¥450,//bus-routes.net/imgs/onsen/onsen8_32@2x.png,43.8042469,142.3681855,銭湯
平和湯,http://www.kita-no-sento.com/sento/813/,https://maps.google.com/?cid=4132232480973639746&hl=ja,北海道旭川市大町二条1丁目,¥450,//bus-routes.net/imgs/onsen/onsen8_32@2x.png,43.7829198,142.3670565,銭湯
喜多の湯,http://www.kita-no-sento.com/sento/164/,https://maps.google.com/?cid=8814513975052415741&hl=ja,北海道札幌市東区北四十四条東7-3-16,¥450,//bus-routes.net/imgs/onsen/onsen8_32@2x.png,43.1143399,141.354823,銭湯
菊水湯,http://www.kita-no-sento.com/sento/804/,https://maps.google.com/?cid=5588826295335126441&hl=ja,北海道旭川市六条西6丁目,¥450,//bus-routes.net/imgs/onsen/onsen8_32@2x.png,43.7763104,142.342655,銭湯
吉野地区活性化センター 吉野温泉,http://www.town.shintotsukawa.lg.jp/kanko/detail/00000348.html,https://maps.google.com/?cid=7769198586554121146&hl=ja,北海道樺戸郡新十津川町吉野1-39,¥300,//bus-routes.net/imgs/onsen/onsen1_32@2x.png,43.5914266,141.7321651,温泉
こまき湯,http://www.kita-no-sento.com/sento/916/,https://maps.google.com/?cid=4386071288132062141&hl=ja,北海道釧路郡釧路町曙町5-15,¥450,//bus-routes.net/imgs/onsen/onsen8_32@2x.png,43.0192245,144.4137393,銭湯
総合交流促進施設 北のしーま,https://www.its-mo.com/detail/KNK_ZPOI-00000000000003225052/,https://maps.google.com/?cid=15216604838102257956&hl=ja,北海道利尻郡利尻富士町鬼脇字鬼脇19,¥500,//bus-routes.net/imgs/onsen/onsen1_32@2x.png,45.1330147,141.3060393,温泉
町民憩の家,,https://maps.google.com/?cid=14894323196678363295&hl=ja,北海道斜里郡斜里町西町14,¥300,//bus-routes.net/imgs/onsen/onsen3_32@2x.png,43.914045,144.6437882,共同浴場・銭湯
函館市 恵山福祉センター,https://www.city.hakodate.hokkaido.jp/docs/2017111400054/,https://maps.google.com/?cid=13791854653252214492&hl=ja,北海道函館市柏野町117-209,¥300,//bus-routes.net/imgs/onsen/onsen1_32@2x.png,41.7901228,141.1536868,温泉
大正湯温泉,http://www.kita-no-sento.com/sento/209/,https://maps.google.com/?cid=13040460124214299346&hl=ja,北海道小樽市花園4-14-15,¥450,//bus-routes.net/imgs/onsen/onsen8_32@2x.png,43.1882898,140.9979455,銭湯
和琴温泉共同浴場,,https://maps.google.com/?cid=6772943409491812539&hl=ja,北海道川上郡弟子屈町字屈斜路和琴,無料,//bus-routes.net/imgs/onsen/onsen3_32@2x.png,43.5794872,144.3106071,共同浴場・銭湯
北光湯,http://www.kita-no-sento.com/sento/156/,https://maps.google.com/?cid=13162417918445012679&hl=ja,北海道札幌市東区北十条東4-5-1,¥450,//bus-routes.net/imgs/onsen/onsen8_32@2x.png,43.0744323,141.359803,銭湯
新得町営浴場,,https://maps.google.com/?cid=11289643273413987948&hl=ja,北海道上川郡新得町本通南1丁目,¥450,//bus-routes.net/imgs/onsen/onsen8_32@2x.png,43.0822373,142.8335721,銭湯
鹿部コミュニティープール いこいの湯,http://www.town.shikabe.lg.jp/hotnews/detail/00001156.html,https://maps.google.com/?cid=17487808244836857461&hl=ja,北海道茅部郡鹿部町字鹿部213,¥320,//bus-routes.net/imgs/onsen/onsen1_32@2x.png,42.0332002,140.8130433,温泉
種川温泉,http://www.hiyama.pref.hokkaido.lg.jp/ss/srk/tabi/01imakan/parts/1103tnk.htm,https://maps.google.com/?cid=8804483587093929744&hl=ja,北海道瀬棚郡今金町字種川296,¥450,//bus-routes.net/imgs/onsen/onsen8_32@2x.png,42.4193827,140.0678539,銭湯
美園湯,,https://maps.google.com/?cid=12540067274849814512&hl=ja,北海道札幌市豊平区美園二条4-4-12,¥450,//bus-routes.net/imgs/onsen/onsen8_32@2x.png,43.0426379,141.3871797,銭湯
文の湯,http://www.kita-no-sento.com/sento/144/,https://maps.google.com/?cid=12397401555179287587&hl=ja,北海道札幌市西区山の手五条2-2-24,¥450,//bus-routes.net/imgs/onsen/onsen8_32@2x.png,43.0735957,141.2953338,銭湯
黒松内温泉 ぶなの森,http://www.kuromatsunai.com/bunanomori/,https://maps.google.com/?cid=13645878418644383556&hl=ja,北海道寿都郡黒松内町黒松内545,¥500,,42.6570976,140.3092227,温泉
渥美湯,http://www.kita-no-sento.com/sento/169/,https://maps.google.com/?cid=12921559119966593349&hl=ja,北海道札幌市北区北三十一条西6-2-17,¥450,//bus-routes.net/imgs/onsen/onsen8_32@2x.png,43.0971799,141.3363403,銭湯
中央湯,http://www.kita-no-sento.com/sento/205/,https://maps.google.com/?cid=509512576256201196&hl=ja,北海道小樽市奥沢3-27-22,¥450,//bus-routes.net/imgs/onsen/onsen8_32@2x.png,43.1741515,140.9984464,銭湯
真駒内湯,http://www.kita-no-sento.com/sento/141/,https://maps.google.com/?cid=16786195890784002827&hl=ja,北海道札幌市南区真駒内上町3-2-7,¥450,//bus-routes.net/imgs/onsen/onsen8_32@2x.png,42.9959288,141.3538432,銭湯
宝湯,http://www.kita-no-sento.com/sento/1001/,https://maps.google.com/?cid=18167664529187381519&hl=ja,北海道根室市定基町4-21,¥450,//bus-routes.net/imgs/onsen/onsen8_32@2x.png,43.3287529,145.5744431,銭湯
港湯,http://www.kita-no-sento.com/sento/316/,https://maps.google.com/?cid=4515287527841012956&hl=ja,北海道函館市港町1-20-20,¥450,//bus-routes.net/imgs/onsen/onsen8_32@2x.png,41.8030127,140.7240883,銭湯
菊の湯,http://www.kita-no-sento.com/sento/802/,https://maps.google.com/?cid=7526678585540551171&hl=ja,北海道旭川市神楽五条14-2-17,¥450,//bus-routes.net/imgs/onsen/onsen8_32@2x.png,43.7448055,142.3571762,銭湯
草津湯,http://www.kita-no-sento.com/sento/906/,https://maps.google.com/?cid=4684481399886121416&hl=ja,北海道釧路市大町6-4-15,¥450,//bus-routes.net/imgs/onsen/onsen8_32@2x.png,42.9767173,144.3769786,銭湯
藤の湯,http://www.kita-no-sento.com/sento/149/,https://maps.google.com/?cid=3886506436998239793&hl=ja,北海道札幌市手稲区手稲本町二条2-2-15,¥450,//bus-routes.net/imgs/onsen/onsen8_32@2x.png,43.1166605,141.2443812,銭湯
南湯温泉,http://www.kita-no-sento.com/sento/207/,https://maps.google.com/?cid=13044076766880935827&hl=ja,北海道小樽市入船4-11-1,¥450,//bus-routes.net/imgs/onsen/onsen8_32@2x.png,43.179964,140.9967609,銭湯
桐の湯,http://www.kita-no-sento.com/sento/307/,https://maps.google.com/?cid=861995359048202155&hl=ja,北海道函館市松陰町10-12,¥450,//bus-routes.net/imgs/onsen/onsen8_32@2x.png,41.7881744,140.7605913,銭湯
いこい湯,http://www.kita-no-sento.com/sento/808/,https://maps.google.com/?cid=9287810841659193976&hl=ja,北海道旭川市五条通24丁目,¥450,//bus-routes.net/imgs/onsen/onsen8_32@2x.png,43.7626732,142.386566,銭湯
白樺湯,http://www.kita-no-sento.com/sento/909/,https://maps.google.com/?cid=3247901766047810552&hl=ja,北海道釧路市白樺台1-16-1,¥450,//bus-routes.net/imgs/onsen/onsen8_32@2x.png,42.9619968,144.4463814,銭湯
しらかば,https://www.town.yubetsu.lg.jp/50shisetsu/6nou-kankou/inn-shirakaba.html,https://maps.google.com/?cid=5785027069079626343&hl=ja,北海道紋別郡湧別町錦町,¥450,//bus-routes.net/imgs/onsen/onsen8_32@2x.png,44.2126011,143.6025329,銭湯
大照湯,http://www.kita-no-sento.com/sento/138/,https://maps.google.com/?cid=18443656688826171258&hl=ja,北海道札幌市豊平区西岡四条1-13-43,¥450,//bus-routes.net/imgs/onsen/onsen8_32@2x.png,43.0217393,141.3913846,銭湯
松の湯,http://www.kita-no-sento.com/sento/180/,https://maps.google.com/?cid=5119333090444072075&hl=ja,北海道江別市弥生町34-16,¥450,//bus-routes.net/imgs/onsen/onsen8_32@2x.png,43.1064906,141.5431752,銭湯
東の湯,http://www.kita-no-sento.com/sento/182/,https://maps.google.com/?cid=2187764454589321567&hl=ja,北海道江別市野幌東町13-14,¥450,//bus-routes.net/imgs/onsen/onsen8_32@2x.png,43.0921101,141.5333797,銭湯
登喜和湯,http://www.kita-no-sento.com/sento/912/,https://maps.google.com/?cid=6349955910918332723&hl=ja,北海道釧路市中島町13-10,¥450,//bus-routes.net/imgs/onsen/onsen8_32@2x.png,42.9992095,144.3895339,銭湯
寿湯,http://www.kita-no-sento.com/sento/218/,https://maps.google.com/?cid=7385382778435681990&hl=ja,北海道余市郡余市町黒川町8-29,¥450,//bus-routes.net/imgs/onsen/onsen8_32@2x.png,43.1857187,140.7936928,銭湯
松の湯,http://www.kita-no-sento.com/sento/329/,https://maps.google.com/?cid=9609823292326862652&hl=ja,北海道檜山郡江差町本町104,¥450,//bus-routes.net/imgs/onsen/onsen8_32@2x.png,41.8646056,140.1260982,銭湯
菊乃湯,http://www.kita-no-sento.com/sento/310/,https://maps.google.com/?cid=862974971379183391&hl=ja,北海道函館市上湯川町6-1,¥450,//bus-routes.net/imgs/onsen/onsen8_32@2x.png,41.7800447,140.8103817,銭湯
松の湯,http://www.kita-no-sento.com/sento/705/,https://maps.google.com/?cid=9931102596875404943&hl=ja,北海道空知郡奈井江町本町5区,¥450,//bus-routes.net/imgs/onsen/onsen8_32@2x.png,43.4256731,141.8875783,銭湯
中島湯,http://www.kita-no-sento.com/sento/410/,https://maps.google.com/?cid=11986911441074109859&hl=ja,北海道室蘭市中島町1-24-2,¥450,//bus-routes.net/imgs/onsen/onsen8_32@2x.png,42.3552106,141.0187866,銭湯
松の湯,http://www.kita-no-sento.com/sento/401/,https://maps.google.com/?cid=13642737215267308738&hl=ja,北海道室蘭市母恋南町1-2-16,¥450,//bus-routes.net/imgs/onsen/onsen8_32@2x.png,42.3118376,140.9925175,銭湯
亀の湯,http://shikabe.jp/onsen/2192.html/,https://maps.google.com/?cid=10434682231150042475&hl=ja,北海道茅部郡鹿部町鹿部30-10,¥450,//bus-routes.net/imgs/onsen/onsen8_32@2x.png,42.0291174,140.8291045,銭湯
黄金湯,http://www.kita-no-sento.com/sento/405/,https://maps.google.com/?cid=18292893988688278367&hl=ja,北海道室蘭市本輪西町3-25-7,¥450,//bus-routes.net/imgs/onsen/onsen8_32@2x.png,42.3664706,140.9829997,銭湯
松竹湯,http://www.kita-no-sento.com/sento/134/,https://maps.google.com/?cid=7343782228997387612&hl=ja,北海道札幌市豊平区美園七条3-3-13,¥450,//bus-routes.net/imgs/onsen/onsen8_32@2x.png,43.0387052,141.3826969,銭湯
長沼湯,,https://maps.google.com/?cid=7605089393179826052&hl=ja,北海道夕張郡長沼町中央南1-4-10,¥450,//bus-routes.net/imgs/onsen/onsen8_32@2x.png,43.0086749,141.6931151,銭湯
恵比寿湯,http://www.kita-no-sento.com/sento/509/,https://maps.google.com/?cid=15310542984423854949&hl=ja,北海道日高郡新ひだか町静内本町1-2-31,¥450,//bus-routes.net/imgs/onsen/onsen8_32@2x.png,42.3369856,142.3656412,銭湯
旭湯,http://www.kita-no-sento.com/sento/414/,https://maps.google.com/?cid=6154922038420691354&hl=ja,北海道伊達市錦町100-65,¥450,//bus-routes.net/imgs/onsen/onsen8_32@2x.png,42.469782,140.860865,銭湯
五月湯,http://www.kita-no-sento.com/sento/701/,https://maps.google.com/?cid=4268844081544981929&hl=ja,北海道岩見沢市二条東3丁目,¥450,//bus-routes.net/imgs/onsen/onsen8_32@2x.png,43.2060271,141.7678272,銭湯
松の湯,http://www.kita-no-sento.com/sento/403/,https://maps.google.com/?cid=5391301290480589544&hl=ja,北海道室蘭市栄町1-2-4,¥450,//bus-routes.net/imgs/onsen/onsen8_32@2x.png,42.3125438,140.9710111,銭湯
滝の湯,http://www.kita-no-sento.com/sento/603/,https://maps.google.com/?cid=4649115790185479949&hl=ja,北海道砂川市西一条北1丁目,¥450,//bus-routes.net/imgs/onsen/onsen8_32@2x.png,43.4916498,141.9069373,銭湯
花仙湯,http://www.kita-no-sento.com/sento/178/,https://maps.google.com/?cid=4621504681557715103&hl=ja,北海道江別市一番町12,¥450,//bus-routes.net/imgs/onsen/onsen8_32@2x.png,43.1097485,141.5492717,銭湯
きらく湯,http://www.kita-no-sento.com/sento/704/,https://maps.google.com/?cid=1016773228160252509&hl=ja,北海道三笠市榊町,¥450,//bus-routes.net/imgs/onsen/onsen8_32@2x.png,43.2492783,141.8718156,銭湯
柏林湯,http://www.kita-no-sento.com/sento/1105/,https://maps.google.com/?cid=1541111397468993948&hl=ja,北海道帯広市柏林台南町7-1,¥450,//bus-routes.net/imgs/onsen/onsen8_32@2x.png,42.9213984,143.1702036,銭湯
北都湯,http://www.kita-no-sento.com/sento/166/,https://maps.google.com/?cid=5516209490660829825&hl=ja,北海道札幌市北区北二十七条西7-2-1,¥450,//bus-routes.net/imgs/onsen/onsen8_32@2x.png,43.0935606,141.3388105,銭湯
栄湯,http://www.kita-no-sento.com/sento/330/,https://maps.google.com/?cid=17523600883305531485&hl=ja,北海道山越郡長万部町長万部84,¥450,//bus-routes.net/imgs/onsen/onsen8_32@2x.png,42.5157549,140.3797531,銭湯
寿湯,http://www.kita-no-sento.com/sento/115/,https://maps.google.com/?cid=15471389452846222548&hl=ja,北海道札幌市南区南三十三条西10-3-3,¥440,,43.0141265,141.3486193,銭湯
豊栄湯,http://www.kita-no-sento.com/sento/823/,https://maps.google.com/?cid=16463270334486640735&hl=ja,北海道旭川市永山二条21-3-14,¥450,//bus-routes.net/imgs/onsen/onsen8_32@2x.png,43.8146269,142.4397664,銭湯
真谷地浴場,,https://maps.google.com/?cid=7162839031462667935&hl=ja,北海道夕張市沼ノ沢431-1,¥450,//bus-routes.net/imgs/onsen/onsen8_32@2x.png,42.960119,141.9969899,銭湯
松の湯,,"https://maps.google.com/maps?q=42.907592,143.356238",北海道中川郡幕別町錦町53,¥450,//bus-routes.net/imgs/onsen/onsen8_32@2x.png,42.9075662,143.3562762,銭湯
鶴の湯,http://www.kita-no-sento.com/sento/114/,"https://maps.google.com/maps?q=43.033924,141.35022",北海道札幌市中央区南十九条西7-3-1,¥450,//bus-routes.net/imgs/onsen/onsen8_32@2x.png,43.0342819,141.3452941,銭湯
七重浜湯,http://www.kita-no-sento.com/sento/336/,"https://maps.google.com/maps?q=41.815063,140.708115",北海道北斗市七重浜2-25-13,¥450,//bus-routes.net/imgs/onsen/onsen8_32@2x.png,41.8150131,140.7080896,銭湯
南清浴場,,"https://maps.google.com/maps?q=42.983613,142.008196",北海道夕張市南清水沢4-8-9,¥450,//bus-routes.net/imgs/onsen/onsen8_32@2x.png,42.9836689,142.0082824,銭湯
滝の湯,http://www.kita-no-sento.com/sento/183/,"https://maps.google.com/maps?q=43.220781,141.517063",北海道石狩郡当別町園生2172,¥450,//bus-routes.net/imgs/onsen/onsen8_32@2x.png,43.2206793,141.5169605,銭湯
冨士乃湯,,"https://maps.google.com/maps?q=43.080017,141.359192",北海道札幌市東区北十五条東5-1-1,¥450,//bus-routes.net/imgs/onsen/onsen8_32@2x.png,43.0807721,141.3638517,銭湯
さいわい湯,,"https://maps.google.com/maps?q=43.571107,141.895845",北海道滝川市幸町2-17-14,¥450,//bus-routes.net/imgs/onsen/onsen8_32@2x.png,43.5710813,141.8958847,銭湯
北盛湯,,"https://maps.google.com/maps?q=43.094803,141.332855",北海道札幌市北区北二十八条西10-2-23,¥450,//bus-routes.net/imgs/onsen/onsen8_32@2x.png,43.0947944,141.3328304,銭湯
亀の湯,http://www.kita-no-sento.com/sento/811/,"https://maps.google.com/maps?q=43.777626,142.369827",北海道旭川市東一条2-1-6,¥450,//bus-routes.net/imgs/onsen/onsen8_32@2x.png,43.7776407,142.3698262,銭湯
頼城共同浴場,http://www.kita-no-sento.com/sento/609/,"https://maps.google.com/maps?q=43.452962,142.158435",北海道芦別市頼城町1,¥450,//bus-routes.net/imgs/onsen/onsen8_32@2x.png,43.4522422,142.1600479,銭湯
清陵浴場,,"https://maps.google.com/maps?q=42.984454,142.016214",北海道夕張市清水沢清陵町62,¥450,//bus-routes.net/imgs/onsen/onsen8_32@2x.png,42.9847302,142.0145997,銭湯